1;https://openai.com/;0.411991
2;https://github.com/openai/;0.131016
3;https://openai.com/blog/;0.030020
4;https://openai.com/publications/;0.028198
5;https://openai.com/blog/tags/research/;0.022452
6;https://openai.com/blog/our-approach-to-alignment-research;0.016803
7;https://openai.com/blog/tags/announcements/;0.014884
8;https://openai.com/blog/dall-e-introducing-outpainting/;0.013011
9;https://openai.com/blog/summarizing-books/;0.012722
10;https://openai.com/blog/tags/milestones/;0.012361
11;https://openai.com/api/pricing/;0.012001
12;https://openai.com/blog/tags/events/;0.011641
13;https://openai.com/api/;0.011220
14;https://openai.com/alignment/;0.011040
15;https://openai.com/api/policies/;0.010920
16;https://openai.com/research/;0.010840
17;https://openai.com/newsroom/;0.010439
18;https://openai.com/blog/openai-codex/;0.010102
19;https://openai.com/terms/;0.009959
20;https://openai.com/blog/instruction-following/;0.009646
21;https://openai.com/privacy/;0.009598
22;https://openai.com/careers/;0.009598
23;https://openai.com/dall-e-2/;0.009482
24;https://openai.com/about/;0.009172
25;https://openai.com/charter/;0.008626
26;https://soundcloud.com/openai_audio;0.002167
27;https://status.openai.com/;0.001479
28;https://twitter.com/openai;0.000618
29;https://youtube.com/openai;0.000532
30;https://openai.com/fund/;0.000502
31;https://openai.com/blog/tags/research/blog/learning-a-hierarchy/;0.000101
32;https://openai.com/api/api/pricing/;0.000101
33;https://openai.com/blog/tags/events/blog/tags/five/;0.000101
34;https://openai.com/blog/tags/research/blog/language-unsupervised/;0.000101
35;https://openai.com/newsroom/blog/tags/announcements/;0.000101
36;https://openai.com/alignment/api/;0.000101
37;https://openai.com/blog/blog/robust-adversarial-inputs/;0.000101
38;https://openai.com/blog/blog/tags/announcements/;0.000101
39;https://openai.com/blog/instruction-following/newsroom/;0.000101
40;https://openai.com/api/policies/charter/;0.000101
41;https://openai.com/alignment/about/;0.000101
42;https://openai.com/blog/tags/research/blog/tags/research/;0.000101
43;https://openai.com/api/pricing/mailto:sales@openai.com;0.000101
44;https://arxiv.org/abs/1803.05573;0.000101
45;https://openai.com/blog/blog/openai-fellows-fall-2018/;0.000101
46;https://openai.com/alignment/blog/microscope/;0.000101
47;https://openai.com/blog/blog/customized-gpt-3/;0.000101
48;https://cdn.openai.com/safexp-short.pdf;0.000101
49;https://openai.com/blog/tags/research/about/;0.000101
50;https://openai.com/api/policies/blog/tags/research/;0.000101
51;https://openai.com/api/pricing/blog/tags/milestones/;0.000101
52;https://openai.com/careers/api/pricing/;0.000101
53;https://openai.com/blog/debate/;0.000101
54;https://openai.com/publications/blog/science-of-ai;0.000101
55;https://openai.com/about/alignment/;0.000101
56;https://openai.com/blog/critiques/;0.000101
57;https://arxiv.org/abs/1704.01444;0.000101
58;https://openai.com/api/policies/dall-e-2/;0.000101
59;https://openai.com/blog/tags/research/blog/neural-mmo/;0.000101
60;https://openai.com/blog/tags/events/blog/openai-five-finals/;0.000101
61;https://openai.com/api/policies/api/pricing/;0.000101
62;https://openai.com/publications/blog/tags/announcements/;0.000101
63;https://openai.com/charter/alignment/;0.000101
64;https://openai.com/blog/instruction-following/research/;0.000101
65;https://openai.com/about/timeline/;0.000101
66;https://openai.com/blog/tags/research/api/;0.000101
67;https://openai.com/alignment/api/examples/;0.000101
68;https://openai.com/blog/api/login/;0.000101
69;https://openai.com/charter/careers/;0.000101
70;https://arxiv.org/abs/1704.06440;0.000101
71;https://openai.com/dall-e-2/api/examples/;0.000101
72;https://openai.com/blog/blog/learning-dexterity/;0.000101
73;https://openai.com/blog/tags/announcements/api/docs/;0.000101
74;https://openai.com/api/pricing/api/pricing/;0.000101
75;https://arxiv.org/abs/2203.02155;0.000101
76;https://openai.com/careers/api/docs/;0.000101
77;https://status.openai.com/history;0.000101
78;https://arxiv.org/abs/2005.14165;0.000101
79;https://arxiv.org/abs/2103.00020;0.000101
80;https://openai.com/blog/tags/milestones/blog/image-gpt/;0.000101
81;https://openai.com/blog/instruction-following/terms/;0.000101
82;https://openai.com/blog/openai-codex/blog/tags/api/;0.000101
83;https://openai.com/blog/amplifying-ai-training/;0.000101
84;https://openai.com/blog/tags/events/blog/spinning-up-in-deep-rl-workshop-review/;0.000101
85;https://openai.com/blog/openai-codex/api/policies/;0.000101
86;https://openai.com/blog/blog/testing-robustness/;0.000101
87;https://openai.com/blog/instruction-following/api/policies/;0.000101
88;https://github.com/openai/openai/openai-cookbook/pulls;0.000101
89;https://github.com/openai/openai/openai-quickstart-node/issues;0.000101
90;https://openai.com/alignment/blog/instruction-following/;0.000101
91;https://openai.com/publications/about/;0.000101
92;https://openai.com/dall-e-2/newsroom/;0.000101
93;https://openai.com/privacy/about/;0.000101
94;https://github.com/openai/openai/triton/pulls;0.000101
95;https://openai.com/api/policies/blog/tags/announcements/;0.000101
96;https://openai.com/publications/blog/better-language-models;0.000101
97;https://beta.openai.com/docs/api-reference/answers;0.000101
98;https://openai.com/research/about/;0.000101
99;https://openai.com/blog/tags/events/alignment/;0.000101
100;https://openai.com/blog/summarizing-books/careers/;0.000101
101;https://openai.com/blog/tags/announcements/blog/introducing-openai/;0.000101
102;https://github.com/openai/features;0.000101
103;https://beta.openai.com/;0.000101
104;https://openai.com/careers/blog/tags/milestones/;0.000101
105;https://openai.com/terms/blog/tags/research/;0.000101
106;https://openai.com/blog/tags/research/blog/better-language-models/;0.000101
107;https://arxiv.org/abs/1602.07868;0.000101
108;https://openai.com/blog/tags/milestones/blog/openai-charter/;0.000101
109;https://openai.com/about/careers/;0.000101
110;https://arxiv.org/abs/1810.08575;0.000101
111;https://openai.com/blog/publications/;0.000101
112;https://github.com/openai/orgs/openai/people;0.000101
113;https://openai.com/blog/blog/webgpt/;0.000101
114;https://openai.com/dall-e-2/charter/;0.000101
115;https://openai.com/blog/blog/interpretable-machine-learning-through-teaching/;0.000101
116;https://openai.com/blog/our-approach-to-alignment-research/newsroom/;0.000101
117;https://openai.com/blog/dall-e-api-now-available-in-public-beta;0.000101
118;https://openai.com/blog/blog/microsoft/;0.000101
119;https://openai.com/blog/blog/openai-scholars-2018-meet-our-scholars/;0.000101
120;https://arxiv.org/abs/1806.00608;0.000101
121;https://support.github.com?tags=dotcom-footer;0.000101
122;https://arxiv.org/abs/1903.00784;0.000101
123;https://twitter.com/intent/tweet?text=%E2%80%9CHello+World%E2%80%9D+with+%23OpenAICodex%3A&&url=openai.com%2Fblog%2Fopenai-codex%2F%23helloworld&via=OpenAI;0.000101
124;https://openai.com/blog/tags/milestones/charter/;0.000101
125;https://openai.com/blog/tags/milestones/blog/dall-e/;0.000101
126;https://openai.com/privacy/blog/tags/announcements/;0.000101
127;https://openai.com/newsroom/blog/tags/research/;0.000101
128;https://openai.com/privacy/blog/tags/milestones/;0.000101
129;https://openai.com/blog/our-approach-to-alignment-research/api/policies/;0.000101
130;https://openai.com/blog/blog/openai-api/;0.000101
131;https://www.gutenberg.org/policy/license.html;0.000101
132;https://openai.com/blog/summarizing-books/blog/tags/research/;0.000101
133;https://openai.com/blog/tags/research/blog/openai-five/;0.000101
134;https://beta.openai.com/docs/guides/fine-tuning;0.000101
135;https://openai.com/blog/tags/research/blog/special-projects/;0.000101
136;https://soundcloud.com/openai_audio/openai_audio/jukebox-uncurated-579971127;0.000101
137;https://openai.com/blog/tags/milestones/blog/tags/milestones/;0.000101
138;https://distill.pub/2021/multimodal-neurons/;0.000101
139;https://openai.com/about/research/;0.000101
140;https://openai.com/blog/blog/unsupervised-sentiment-neuron/;0.000101
141;https://openai.com/publications/blog/meta-learning-for-wrestling;0.000101
142;https://arxiv.org/abs/1711.00123;0.000101
143;https://openai.com/blog/blog/glow/;0.000101
144;https://openai.com/api/pricing/contact-sales;0.000101
145;https://openai.com/blog/blog/openai-five-defeats-dota-2-world-champions/;0.000101
146;https://openai.com/blog/tags/announcements/blog/introducing-text-and-code-embeddings/;0.000101
147;https://openai.com/blog/our-approach-to-alignment-research/api/;0.000101
148;https://openai.com/api/blog/dall-e-api-now-available-in-public-beta/;0.000101
149;https://openai.com/blog/blog/openai-technical-goals/;0.000101
150;https://openai.com/blog/dall-e-2/;0.000101
151;https://github.com/openai/features/security;0.000101
152;https://openai.com/blog/tags/events/blog/report-from-the-self-organizing-conference/;0.000101
153;https://openai.com/blog/blog/team-update-january/;0.000101
154;https://openai.com/blog/tags/announcements/privacy/;0.000101
155;https://openai.com/api/policies/blog/openai-codex/;0.000101
156;https://openai.com/research/terms/;0.000101
157;https://openai.com/blog/blog/openai-five-finals/;0.000101
158;https://openai.com/blog/tags/events/blog/tags/events/;0.000101
159;https://openai.com/blog/openai-codex/blog/tags/milestones/;0.000101
160;https://openai.com/blog/openai-codex/blog/summarizing-books/;0.000101
161;https://openai.com/blog/blog/leadership-team-update/;0.000101
162;https://openai.com/blog/blog/tags/scholars/;0.000101
163;https://openai.com/blog/tags/milestones/fund/;0.000101
164;https://status.openai.com/incidents/8fzpls5z3pyv;0.000101
165;https://openai.com/blog/tags/announcements/api/;0.000101
166;http://www.adr.org;0.000101
167;https://openai.com/blog/tags/research/blog/improving-language-model-behavior/;0.000101
168;https://openai.com/api/blog/instruction-following/;0.000101
169;https://openai.com/blog/tags/events/api/login/;0.000101
170;https://openai.com/blog/blog/the-international/;0.000101
171;https://openai.com/blog/blog/universe/;0.000101
172;https://openai.com/alignment/publications/;0.000101
173;https://openai.com/api/pricing/charter/;0.000101
174;https://arxiv.org/abs/1611.04273;0.000101
175;https://github.com/openai/openai/mujoco-py/stargazers;0.000101
176;https://openai.com/blog/instruction-following/api/;0.000101
177;https://openai.com/privacy/publications/;0.000101
178;https://openai.com/publications/blog/;0.000101
179;https://soundcloud.com/openai_audio/openai_audio/tracks;0.000101
180;https://openai.com/about/api/examples/;0.000101
181;https://openai.com/newsroom/api/policies/;0.000101
182;https://openai.com/blog/tags/research/blog/generative-models/;0.000101
183;https://twitter.com/intent/tweet?text=Giving+%23OpenAICodex+a+First+Grade+Math+Test%3A&&url=openai.com%2Fblog%2Fopenai-codex%2F%23firstgrademath&via=OpenAI;0.000101
184;https://openai.com/api/pricing/api/;0.000101
185;https://openai.com/publications/blog/ai-and-efficiency;0.000101
186;https://openai.com/blog/tags/research/blog/robots-that-learn/;0.000101
187;https://openai.com/publications/blog/learning-concepts-with-energy-functions;0.000101
188;https://openai.com/api/api/docs/;0.000101
189;https://openai.com/blog/blog/the-international-2018-results/;0.000101
190;https://arxiv.org/abs/1903.08689;0.000101
191;https://arxiv.org/abs/1709.04326;0.000101
192;https://openai.com/blog/tags/announcements/blog/welcome-pieter-and-shivon/;0.000101
193;https://openai.com/blog/openai-codex/privacy/;0.000101
194;https://openai.com/publications/api/examples/;0.000101
195;https://openai.com/blog/tags/announcements/blog/dall-e-now-available-without-waitlist/;0.000101
196;https://openai.com/blog/tags/research/blog/discovering-types-for-entity-disambiguation/;0.000101
197;https://arxiv.org/abs/2110.14168;0.000101
198;https://openai.com/newsroom/mailto:press@openai.com;0.000101
199;https://arxiv.org/abs/1707.01495;0.000101
200;https://openai.com/blog/openai-codex/blog/authors/greg/;0.000101
201;https://openai.com/blog/tags/research/blog/gpt-2-6-month-follow-up/;0.000101
202;https://openai.com/api/pricing/careers/;0.000101
203;https://openai.com/blog/blog/openai-scholars/;0.000101
204;https://openai.com/blog/tags/events/research/;0.000101
205;https://arxiv.org/abs/1908.08016;0.000101
206;https://openai.com/research/blog/formal-math;0.000101
207;https://openai.com/blog/tags/research/blog/quantifying-generalization-in-reinforcement-learning/;0.000101
208;https://openai.com/blog/tags/events/blog/procgen-minerl-competitions/;0.000101
209;https://openai.com/charter/api/policies/;0.000101
210;https://openai.com/blog/tags/events/blog/openai-scholars-2020-final-projects/;0.000101
211;https://beta.openai.com/docs/going-live;0.000101
212;https://openai.com/blog/tags/milestones/blog/evolution-strategies/;0.000101
213;https://github.com/openai/features/issues;0.000101
214;https://github.com/openai/openai/gym/stargazers;0.000101
215;https://openai.com/alignment/blog/deep-reinforcement-learning-from-human-preferences;0.000101
216;https://openai.com/blog/dall-e-introducing-outpainting/api/pricing/;0.000101
217;https://openai.com/research/careers/;0.000101
218;https://openai.com/about/blog/tags/announcements/;0.000101
219;https://openai.com/blog/tags/milestones/dall-e-2/;0.000101
220;https://openai.com/publications/blog/learning-to-model-other-minds;0.000101
221;https://openai.com/publications/blog/learning-to-cooperate-compete-and-communicate;0.000101
222;https://openai.com/blog/blog/special-projects/;0.000101
223;https://openai.com/blog/tags/research/blog/evolution-strategies/;0.000101
224;https://openai.com/research/api/docs/;0.000101
225;https://openai.com/publications/blog/formal-math;0.000101
226;https://openai.com/blog/tags/events/terms/;0.000101
227;https://openai.com/blog/tags/research/blog/tags/five/;0.000101
228;https://openai.com/blog/tags/research/blog/language-model-safety-and-misuse/;0.000101
229;https://openai.com/blog/tags/research/blog/triton/;0.000101
230;https://openai.com/blog/tags/announcements/blog/openai-codex/;0.000101
231;https://github.com/openai/openai/safety-gym/network/members;0.000101
232;https://openai.com/careers/terms/;0.000101
233;https://openai.com/publications/api/docs/;0.000101
234;https://arxiv.org/abs/1812.06162;0.000101
235;https://openai.com/blog/blog/generative-models/;0.000101
236;http://apple.com/safari;0.000101
237;https://openai.com/blog/tags/research/blog/formal-math/;0.000101
238;https://challenge.openai.com;0.000101
239;https://openai.com/alignment/fund/;0.000101
240;https://openai.com/blog/blog/openai-gym-beta/;0.000101
241;https://openai.com/blog/tags/research/blog/spinning-up-in-deep-rl/;0.000101
242;https://openai.com/blog/blog/codex-apps/;0.000101
243;https://arxiv.org/abs/1606.06565;0.000101
244;https://openai.com/api/terms/;0.000101
245;https://openai.com/api/policies/research/;0.000101
246;https://openai.com/blog/tags/announcements/blog/instruction-following/;0.000101
247;https://openai.com/blog/tags/research/blog/spam-detection-in-the-physical-world/;0.000101
248;https://openai.com/terms/api/policies/;0.000101
249;https://github.com/openai/features/actions;0.000101
250;https://openai.com/blog/blog/team-update/;0.000101
251;https://openai.com/blog/tags/research/blog/amplifying-ai-training/;0.000101
252;https://openai.com/dall-e-2/fund/;0.000101
253;https://openai.com/api/policies/api/policies/community-guidelines;0.000101
254;https://openai.com/alignment/blog/tags/announcements/;0.000101
255;https://openai.com/blog/instruction-following/blog/tags/research/;0.000101
256;https://openai.com/publications/blog/tags/research/;0.000101
257;https://openai.com/blog/tags/research/blog/openai-baselines-ppo/;0.000101
258;https://www.keepertax.com/;0.000101
259;https://openai.com/api/pricing/blog/;0.000101
260;https://openai.com/publications/blog/evolution-strategies;0.000101
261;https://accounts.google.com/ServiceLogin?hl=cs&continue=https://www.youtube.com/openai?cbrd%3D1&gae=cb-;0.000101
262;https://github.com/openai/openai/whisper;0.000101
263;https://openai.com/blog/tags/research/blog/tags/gpt-2/;0.000101
264;https://openai.com/newsroom/api/docs/;0.000101
265;https://openai.com/newsroom/blog/dall-e-api-now-available-in-public-beta/;0.000101
266;https://openai.com/blog/blog/openai-fellows/;0.000101
267;https://openai.com/blog/blog/dota-2/;0.000101
268;https://openai.com/blog/blog/openai-scholars-2019-meet-our-scholars/;0.000101
269;https://openai.com/charter/charter/;0.000101
270;https://openai.com/blog/tags/research/blog/critiques/;0.000101
271;https://arxiv.org/abs/1611.02779;0.000101
272;https://github.com/openai/orgs/openai/projects;0.000101
273;https://openai.com/newsroom/blog/dall-e-introducing-outpainting/;0.000101
274;https://openai.com/alignment/blog/deep-reinforcement-learning-from-human-preferences/;0.000101
275;https://openai.com/blog/tags/milestones/blog/jukebox/;0.000101
276;https://openai.com/blog/tags/research/blog/scaling-kubernetes-to-2500-nodes/;0.000101
277;https://openai.com/blog/tags/milestones/privacy/;0.000101
278;https://openai.com/blog/dall-e-introducing-outpainting/research/;0.000101
279;https://github.com/openai/orgs/openai/repositories?language=javascript&type=all;0.000101
280;https://openai.com/about/api/docs/;0.000101
281;https://openai.com/blog/blog/reinforcement-learning-with-prediction-based-rewards/;0.000101
282;https://arxiv.org/abs/2102.12092;0.000101
283;https://openai.com/blog/blog/ai-and-compute/;0.000101
284;https://arxiv.org/abs/1706.02275;0.000101
285;https://openai.com/blog/blog/tags/fellows/;0.000101
286;https://openai.com/blog/blog/ai-and-efficiency/;0.000101
287;https://openai.com/api/about/;0.000101
288;https://openai.com/blog/blog/dall-e-2-extending-creativity/;0.000101
289;https://arxiv.org/abs/1605.09674;0.000101
290;https://openai.com/blog/tags/events/blog/openai-five-benchmark-results/;0.000101
291;https://openai.com/blog/our-approach-to-alignment-research/blog/tags/announcements/;0.000101
292;http://mailto:support@openai.com;0.000101
293;https://openai.com/api/charter/;0.000101
294;https://openai.com/blog/blog/dall-e/;0.000101
295;https://openai.com/alignment/blog/tags/milestones/;0.000101
296;https://openai.com/blog/tags/milestones/blog/ingredients-for-robotics-research/;0.000101
297;https://openai.com/blog/tags/research/blog/meta-learning-for-wrestling/;0.000101
298;https://openai.com/api/examples/;0.000101
299;https://status.openai.com/incidents/syxvnwvys0jw;0.000101
300;https://openai.com/blog/openai-codex/research/;0.000101
301;https://github.com;0.000101
302;https://openai.com/blog/blog/learning-concepts-with-energy-functions/;0.000101
303;https://openai.com/blog/tags/milestones/blog/baselines-acktr-a2c/;0.000101
304;https://openai.com/careers/api/login/;0.000101
305;https://openai.com/blog/blog/openai-hackathon/;0.000101
306;https://openai.com/blog/tags/research/blog/jukebox/;0.000101
307;https://openai.com/blog/blog/robots-that-learn/;0.000101
308;https://openai.com/blog/tags/research/blog/deep-reinforcement-learning-from-human-preferences/;0.000101
309;https://openai.com/blog/tags/milestones/blog/competitive-self-play/;0.000101
310;https://openai.com/blog/blog/requests-for-research-2/;0.000101
311;https://openai.com/research/publications/;0.000101
312;https://openai.com/blog/our-approach-to-alignment-research/blog/tags/events/;0.000101
313;https://openai.com/api/policies/blog/tags/milestones/;0.000101
314;https://openai.com/blog/tags/milestones/blog/better-language-models/;0.000101
315;https://cdn.openai.com/papers/Generative_Pretraining_from_Pixels_V2.pdf;0.000101
316;https://openai.com/newsroom/blog/tags/api/;0.000101
317;https://openai.com/dall-e-2/api/;0.000101
318;https://openai.com/blog/dall-e-introducing-outpainting/blog/instruction-following/;0.000101
319;https://openai.com/careers/blog/openai-residency;0.000101
320;https://openai.com/api/pricing/api/login/;0.000101
321;https://github.com/openai/orgs/openai/repositories;0.000101
322;https://openai.com/blog/blog/machine-learning-unconference/;0.000101
323;https://openai.com/blog/blog/evolved-policy-gradients/;0.000101
324;https://openai.com/blog/tags/events/blog/openai-scholars-2021-final-projects/;0.000101
325;https://openai.com/blog/tags/research/blog/requests-for-research-2/;0.000101
326;https://openai.com/blog/summarizing-books/blog/authors/jeffrey/;0.000101
327;https://openai.com/blog/tags/announcements/careers/;0.000101
328;https://openai.com/blog/dall-e-introducing-outpainting/blog/;0.000101
329;https://openai.com/newsroom/dall-e-2/;0.000101
330;https://arxiv.org/abs/1804.03720;0.000101
331;https://openai.com/blog/our-approach-to-alignment-research/blog/summarizing-books/;0.000101
332;https://openai.com/blog/instruction-following/alignment/;0.000101
333;https://beta.openai.com/docs/guides/code;0.000101
334;https://openai.com/careers/api/examples/;0.000101
335;https://openai.com/blog/tags/research/blog/roboschool/;0.000101
336;https://openai.com/blog/blog/measuring-goodharts-law/;0.000101
337;https://openai.com/publications/blog/deep-double-descent;0.000101
338;https://openai.com/api/alignment/;0.000101
339;https://openai.com/blog/tags/announcements/blog/openai-residency/;0.000101
340;https://openai.com/blog/tags/research/blog/our-approach-to-alignment-research/;0.000101
341;https://openai.com/blog/openai-codex/charter/;0.000101
342;https://openai.com/blog/tags/events/charter/;0.000101
343;https://openai.com/blog/openai-api/;0.000101
344;https://openai.com/blog/tags/research/blog/faster-robot-simulation-in-python/;0.000101
345;https://openai.com/blog/tags/research/blog/adversarial-example-research/;0.000101
346;https://labs.openai.com/auth/signup;0.000101
347;https://openai.com/blog/tags/research/blog/dall-e-2-pre-training-mitigations/;0.000101
348;https://arxiv.org/abs/1701.05517;0.000101
349;https://openai.com/newsroom/charter/;0.000101
350;https://arxiv.org/abs/2204.06125;0.000101
351;https://openai.com/careers/blog/instruction-following/;0.000101
352;https://www.instagram.com/august.kamp;0.000101
353;https://openai.com/alignment/blog/summarizing-books/;0.000101
354;https://openai.com/blog/tags/milestones/api/;0.000101
355;https://openai.com/blog/blog/scaling-kubernetes-to-2500-nodes/;0.000101
356;https://openai.com/blog/tags/announcements/blog/tags/api/;0.000101
357;https://openai.com/blog/instruction-following/#limitations;0.000101
358;https://openai.com/blog/blog/fund/;0.000101
359;https://openai.com/blog/tags/research/blog/solving-rubiks-cube/;0.000101
360;https://openai.com/blog/our-approach-to-alignment-research/blog/tags/milestones/;0.000101
361;https://openai.com/blog/tags/research/blog/generalizing-from-simulation/;0.000101
362;https://openai.com/blog/tags/research/blog/tags/events/;0.000101
363;https://openai.com/about/blog/tags/milestones/;0.000101
364;https://arxiv.org/abs/1905.11604;0.000101
365;https://openai.com/about/blog/tags/research/;0.000101
366;https://openai.com/blog/tags/announcements/blog/openai-charter/;0.000101
367;https://soundcloud.com/openai_audio/popular/searches;0.000101
368;https://openai.com/blog/dall-e-introducing-outpainting/dall-e-2/;0.000101
369;https://docs.github.com;0.000101
370;https://openai.com/research/blog/jukebox/;0.000101
371;https://openai.com/blog/dall-e-introducing-outpainting/api/examples/;0.000101
372;https://openai.com/blog/openai-codex/api/pricing/;0.000101
373;https://openai.com/publications/api/;0.000101
374;https://openai.com/charter/blog/tags/research/;0.000101
375;https://openai.com/blog/tags/research/blog/dota-2/;0.000101
376;https://openai.com/blog/blog/dall-e-now-available-in-beta/;0.000101
377;https://openai.com/blog/summarizing-books/terms/;0.000101
378;https://openai.com/blog/tags/research/fund/;0.000101
379;https://openai.com/publications/api/login/;0.000101
380;https://openai.com/blog/blog/preparing-for-malicious-uses-of-ai/;0.000101
381;https://openai.com/blog/tags/announcements/blog/openai-and-microsoft/;0.000101
382;https://openai.com/api/pricing/api/login;0.000101
383;http://google.com/chrome;0.000101
384;https://openai.com/blog/tags/milestones/publications/;0.000101
385;https://linkedin.com/company/openai;0.000101
386;https://github.com/openai/openai/spinningup;0.000101
387;https://openai.com/blog/tags/announcements/dall-e-2/;0.000101
388;https://openai.com/alignment/api/policies/;0.000101
389;https://arxiv.org/abs/1904.10509;0.000101
390;https://openai.com/blog/blog/tags/events/;0.000101
391;https://openai.com/blog/blog/openai-pytorch/;0.000101
392;https://arxiv.org/abs/1610.03518;0.000101
393;https://openai.com/api/blog/tags/milestones/;0.000101
394;https://openai.com/blog/blog/language-unsupervised/;0.000101
395;https://openai.com/api/pricing/dall-e-2/;0.000101
396;https://openai.com/blog/tags/announcements/blog/microsoft/;0.000101
397;https://github.com/openai/openai/retro;0.000101
398;https://openai.com/research/newsroom/;0.000101
399;https://openai.com/newsroom/terms/;0.000101
400;https://openai.com/blog/openai-codex/blog/tags/research/;0.000101
401;https://player.vimeo.com/video/583550498;0.000101
402;https://openai.com/blog/tags/milestones/terms/;0.000101
403;https://github.com/openai/openai/openai-python/issues;0.000101
404;https://openai.com/blog/blog/will-hurd-joins/;0.000101
405;https://openai.com/api/policies/api/policies/sharing-publication/;0.000101
406;https://openai.com/blog/tags/announcements/alignment/;0.000101
407;https://openai.com/api/pricing/blog/tags/events/;0.000101
408;https://github.com/openai/following-instructions-human-feedback;0.000101
409;https://github.com/openai/openai/multi-agent-emergence-environments/stargazers;0.000101
410;https://openai.com/blog/tags/research/publications/;0.000101
411;https://openai.com/blog/fund/;0.000101
412;https://openai.com/publications/blog/deep-reinforcement-learning-from-human-preferences;0.000101
413;https://arxiv.org/abs/1808.00177;0.000101
414;https://openai.com/research/blog/clip/;0.000101
415;https://openai.com/api/pricing/blog/tags/research/;0.000101
416;https://openai.com/blog/tags/research/blog/better-exploration-with-parameter-noise/;0.000101
417;https://openai.com/privacy/blog/instruction-following/;0.000101
418;https://openai.com/privacy/privacy/;0.000101
419;https://openai.com/blog/tags/announcements/blog/team-plus-plus/;0.000101
420;https://openai.com/publications/blog/generative-models;0.000101
421;https://arxiv.org/abs/1703.03864;0.000101
422;https://openai.com/charter/blog/tags/milestones/;0.000101
423;https://openai.com/blog/tags/milestones/research/;0.000101
424;https://openai.com/dall-e-2/blog/tags/events/;0.000101
425;https://www.wired.com/2016/03/two-moves-alphago-lee-sedol-redefined-future/;0.000101
426;https://openai.com/blog/instruction-following/api/docs/;0.000101
427;https://openai.com/newsroom/timeline/;0.000101
428;https://soundcloud.com/openai_audio/openai_audio/classic-pop-in-the-style-of-frank-sinatra;0.000101
429;https://openai.com/blog/tags/milestones/blog/summarizing-books/;0.000101
430;https://arxiv.org/abs/2109.10862;0.000101
431;https://openai.com/blog/instruction-following/blog/;0.000101
432;https://arxiv.org/abs/1702.02284;0.000101
433;https://openai.com/blog/blog/clip/;0.000101
434;https://openai.com/api/docs/;0.000101
435;https://openai.com/blog/tags/announcements/blog/openai-pytorch/;0.000101
436;https://www.instagram.com/hello_levesque/;0.000101
437;https://openai.com/blog/blog/;0.000101
438;https://openai.com/api/policies/alignment/;0.000101
439;https://openai.com/fund/news/introducing-converge;0.000101
440;https://soundcloud.com/openai_audio/openai_audio/jazz-in-the-style-of-ella-fitzgerald;0.000101
441;https://openai.com/blog/openai-codex/blog/instruction-following/;0.000101
442;https://openai.com/blog/tags/research/newsroom/;0.000101
443;https://github.com/openai/features/discussions;0.000101
444;https://openai.com/blog/dall-e-introducing-outpainting/alignment/;0.000101
445;https://openai.com/publications/blog/debate;0.000101
446;https://openai.com/blog/our-approach-to-alignment-research/careers/;0.000101
447;https://github.com/openai/orgs/openai/followers;0.000101
448;https://beta.openai.com/tokenizer;0.000101
449;https://openai.com/blog/tags/announcements/blog/openai-scholars-2020/;0.000101
450;https://openai.com/blog/blog/learning-to-cooperate-compete-and-communicate/;0.000101
451;https://openai.com/blog/summarizing-books/research/;0.000101
452;https://github.com/;0.000101
453;https://openai.com/charter/blog/authors/openai/;0.000101
454;https://openai.com/blog/tags/announcements/blog/helen-toner-joins/;0.000101
455;https://grnh.se/36eef7644us;0.000101
456;https://openai.com/careers/blog/tags/events/;0.000101
457;https://openai.com/blog/dall-e-introducing-outpainting/api/;0.000101
458;https://openai.com/terms/dall-e-2/;0.000101
459;https://openai.com/blog/tags/research/blog/improving-verifiability/;0.000101
460;https://github.com/openai/openai/kubernetes/pulls;0.000101
461;https://openai.com/blog/blog/emergent-tool-use/;0.000101
462;https://openai.com/blog/summarizing-books/api/docs/;0.000101
463;https://openai.com/about/api/;0.000101
464;https://openai.com/terms/alignment/;0.000101
465;https://openai.com/careers/careers/;0.000101
466;https://beta.openai.com/docs/api-reference/classifications;0.000101
467;https://openai.com/blog/blog/symposium-2019/;0.000101
468;https://openai.com/api/blog/;0.000101
469;https://openai.com/blog/tags/announcements/api/policies/;0.000101
470;https://openai.com/blog/improving-language-model-behavior/;0.000101
471;https://openai.com/research/api/login/;0.000101
472;https://openai.com/charter/api/;0.000101
473;https://status.openai.com/incidents/b3v85ygc88dh;0.000101
474;https://openai.com/newsroom/blog/dall-e-now-available-without-waitlist/;0.000101
475;https://openai.com/blog/dall-e-introducing-outpainting/api/policies/;0.000101
476;https://status.openai.com/uptime;0.000101
477;https://openai.com/publications/blog/improving-verifiability;0.000101
478;https://openai.com/blog/blog/introducing-activation-atlases/;0.000101
479;https://openai.com/dall-e-2/careers/;0.000101
480;https://openai.com/blog/blog/better-language-models/;0.000101
481;https://openai.com/blog/blog/openai-lp/;0.000101
482;https://openai.com/blog/blog/ingredients-for-robotics-research/;0.000101
483;https://openai.com/blog/blog/welcome-pieter-and-shivon/;0.000101
484;https://github.com/openai/openai/openai-python;0.000101
485;https://openai.com/blog/tags/milestones/about/;0.000101
486;https://github.com/openai/topics;0.000101
487;https://openai.com/api/pricing/blog/openai-codex/;0.000101
488;https://openai.com/blog/tags/milestones/blog/language-unsupervised/;0.000101
489;https://openai.com/privacy/blog/tags/events/;0.000101
490;https://openai.com/blog/blog/science-of-ai/;0.000101
491;https://openai.com/charter/privacy/;0.000101
492;https://openai.com/blog/blog/openai-codex/;0.000101
493;https://openai.com/about/charter/;0.000101
494;https://openai.com/blog/tags/milestones/blog/;0.000101
495;https://openai.com/about/api/login/;0.000101
496;https://openai.com/alignment/dall-e-2/;0.000101
497;https://support.twitter.com/articles/20170514;0.000101
498;https://openai.com/publications/fund/;0.000101
499;https://openai.com/privacy/research/;0.000101
500;https://openai.com/blog/our-approach-to-alignment-research/blog/openai-codex/;0.000101
501;https://openai.com/blog/tags/research/blog/;0.000101
502;https://openai.com/blog/tags/research/blog/science-of-ai/;0.000101
503;https://openai.com/blog/tags/events/blog/hackathon-follow-up/;0.000101
504;https://openai.com/publications/blog/energy-based-models;0.000101
505;https://twitter.com/intent/tweet?text=Converting+Python+to+Ruby+with+%23OpenAICodex%3A&&url=openai.com%2Fblog%2Fopenai-codex%2F%23py2rb&via=OpenAI;0.000101
506;https://openai.com/blog/blog/block-sparse-gpu-kernels/;0.000101
507;https://openai.com/blog/tags/events/api/;0.000101
508;https://openai.com/blog/tags/research/blog/gathering_human_feedback/;0.000101
509;https://openai.com/blog/tags/announcements/newsroom/;0.000101
510;https://openai.com/blog/tags/research/blog/block-sparse-gpu-kernels/;0.000101
511;https://github.com/openai/openai/procgen/stargazers;0.000101
512;https://openai.com/blog/blog/adversarial-example-research/;0.000101
513;https://openai.com/research/api/pricing/;0.000101
514;https://openai.com/blog/our-approach-to-alignment-research/api/examples/;0.000101
515;https://openai.com/research/charter/;0.000101
516;https://github.com/openai/openai;0.000101
517;https://openai.com/blog/tags/research/blog/learning-to-summarize-with-human-feedback/;0.000101
518;https://openai.com/blog/tags/research/blog/webgpt/;0.000101
519;https://openai.com/blog/tags/research/blog/ai-and-efficiency/;0.000101
520;https://openai.com/privacy/terms/;0.000101
521;https://openai.com/blog/tags/announcements/blog/openai-scholars/;0.000101
522;https://openai.com/blog/instruction-following/blog/instruction-following/;0.000101
523;https://openai.com/blog/tags/milestones/alignment/;0.000101
524;https://openai.com/blog/tags/research/api/examples/;0.000101
525;https://openai.com/blog/blog/tags/baselines/;0.000101
526;https://arxiv.org/abs/1703.04908;0.000101
527;https://openai.com/dall-e-2/publications/;0.000101
528;https://openai.com/blog/tags/research/blog/debate/;0.000101
529;https://openai.com/blog/openai-codex/dall-e-2/;0.000101
530;https://openai.com/blog/tags/milestones/blog/better-exploration-with-parameter-noise/;0.000101
531;https://openai.com/publications/blog/introducing-text-and-code-embeddings;0.000101
532;https://openai.com/newsroom/blog/instruction-following/;0.000101
533;https://openai.com/research/alignment/;0.000101
534;https://openai.com/blog/tags/announcements/blog/tags/events/;0.000101
535;https://openai.com/alignment/blog/tags/events/;0.000101
536;https://openai.com/blog/tags/research/blog/multimodal-neurons/;0.000101
537;https://openai.com/blog/our-approach-to-alignment-research/about/;0.000101
538;https://arxiv.org/abs/2009.01325;0.000101
539;https://openai.com/blog/blog/better-exploration-with-parameter-noise/;0.000101
540;https://twitter.com/privacy;0.000101
541;https://github.com/openai/openai/openai-cookbook/network/members;0.000101
542;https://soundcloud.com/openai_audio/openai_audio/pop-in-the-style-of-jack-johnson;0.000101
543;https://openai.com/api/policies/api/login/;0.000101
544;https://openai.com/blog/tags/announcements/fund/;0.000101
545;https://openai.com/blog/tags/events/privacy/;0.000101
546;https://openai.com/blog/blog/language-model-safety-and-misuse/;0.000101
547;https://openai.com/blog/blog/openai-residency/;0.000101
548;https://openai.com/blog/tags/announcements/blog/openai-scholars-2018-meet-our-scholars/;0.000101
549;https://openai.com/blog/tags/events/blog/symposium-2019/;0.000101
550;https://openai.com/blog/blog/openai-scholars-2021-final-projects/;0.000101
551;https://openai.com/terms/api/docs/;0.000101
552;https://openai.com/blog/our-approach-to-alignment-research/privacy/;0.000101
553;https://openai.com/blog/instruction-following/charter/;0.000101
554;https://arxiv.org/abs/1802.01021;0.000101
555;https://policies.google.com/privacy?hl=cs&utm_source=ucb;0.000101
556;https://beta.openai.com/account/usage;0.000101
557;https://openai.com/blog/tags/events/blog/tags/scholars/;0.000101
558;https://openai.com/blog/tags/research/blog/competitive-self-play/;0.000101
559;https://openai.com/blog/tags/research/blog/emergent-tool-use/;0.000101
560;https://openai.com/careers/alignment/;0.000101
561;https://openai.com/publications/blog/reinforcement-learning-with-prediction-based-rewards;0.000101
562;https://openai.com/blog/tags/events/blog/machine-learning-unconference/;0.000101
563;https://openai.com/blog/tags/research/blog/introducing-activation-atlases/;0.000101
564;https://openai.com/api/policies/api/policies/service-terms;0.000101
565;https://openai.com/blog/blog/procgen-benchmark/;0.000101
566;https://openai.com/terms/publications/;0.000101
567;https://openai.com/blog/openai-codex/terms/;0.000101
568;https://openai.com/blog/blog/energy-based-models/;0.000101
569;https://arxiv.org/abs/2207.14255;0.000101
570;https://openai.com/publications/newsroom/;0.000101
571;https://openai.com/blog/tags/research/blog/procgen-benchmark/;0.000101
572;https://github.com/openai/openai/mujoco-py;0.000101
573;https://openai.com/blog/summarizing-books/publications/;0.000101
574;https://openai.com/blog/tags/milestones/blog/emergent-tool-use/;0.000101
575;https://openai.com/blog/blog/quantifying-generalization-in-reinforcement-learning/;0.000101
576;https://openai.com/api/api/login/;0.000101
577;https://soundcloud.com/openai_audio/openai_audio;0.000101
578;https://arxiv.org/abs/1710.03641;0.000101
579;https://openai.com/newsroom/privacy/;0.000101
580;https://openai.com/blog/our-approach-to-alignment-research/fund/;0.000101
581;https://openai.com/blog/blog/gym-retro/;0.000101
582;https://openai.com/blog/tags/research/blog/measuring-goodharts-law/;0.000101
583;https://openai.com/research/api/examples/;0.000101
584;https://openai.com/careers/newsroom/;0.000101
585;https://github.com/openai/enterprise;0.000101
586;https://openai.com/blog/tags/research/blog/grade-school-math/;0.000101
587;https://openai.com/blog/tags/research/charter/;0.000101
588;https://openai.com/blog/blog/fine-tuning-gpt-2/;0.000101
589;https://openai.com/blog/tags/events/careers/;0.000101
590;https://openai.com/dall-e-2/about/;0.000101
591;https://policies.google.com/terms?hl=cs&utm_source=ucb;0.000101
592;https://labs.openai.com/auth/login;0.000101
593;https://openai.com/blog/blog/openai-five/;0.000101
594;https://openai.com/api/pricing/about/;0.000101
595;https://openai.com/blog/tags/milestones/api/examples/;0.000101
596;https://arxiv.org/abs/1905.01034;0.000101
597;https://openai.com/alignment/terms/;0.000101
598;https://openai.com/publications/blog/multimodal-neurons;0.000101
599;https://openai.com/newsroom/about/;0.000101
600;https://openai.com/blog/tags/milestones/api/policies/;0.000101
601;https://openai.com/blog/blog/image-gpt/;0.000101
602;https://openai.com/dall-e-2/blog/instruction-following/;0.000101
603;https://openai.com/blog/tags/research/api/policies/;0.000101
604;https://openai.com/publications/blog/summarizing-books/;0.000101
605;https://arxiv.org/abs/1710.06425;0.000101
606;https://openai.com/blog/tags/events/blog/the-international/;0.000101
607;https://github.com/openai/orgs/openai/repositories?language=python&type=all;0.000101
608;https://openai.com/blog/tags/research/research/;0.000101
609;https://openai.com/publications/blog/openai-baselines-ppo;0.000101
610;https://openai.com/blog/blog/microscope/;0.000101
611;https://openai.com/api/pricing/fund/;0.000101
612;https://github.com/openai/pricing;0.000101
613;https://openai.com/blog/tags/events/blog/openai-five-benchmark/;0.000101
614;https://github.com/openai/openai/baselines;0.000101
615;https://openai.com/api/policies/api/docs/;0.000101
616;https://openai.com/blog/tags/research/blog/introducing-text-and-code-embeddings/;0.000101
617;https://github.com/openai/features/code-review;0.000101
618;https://openai.com/blog/tags/announcements/research/;0.000101
619;https://www.instagram.com/openaidalle;0.000101
620;https://openai.com/privacy/fund/;0.000101
621;https://openai.com/blog/alignment/;0.000101
622;https://openai.com/privacy/blog/tags/research/;0.000101
623;https://github.com/openai/collections;0.000101
624;https://openai.com/blog/tags/research/blog/tags/milestones/;0.000101
625;https://openai.com/api/pricing/api/examples/;0.000101
626;https://openai.com/blog/blog/dall-e-api-now-available-in-public-beta/;0.000101
627;https://openai.com/publications/privacy/;0.000101
628;https://openai.com/blog/blog/cooperation-on-safety/;0.000101
629;https://www.microsoft.com/edge;0.000101
630;https://www.gutenberg.org/ebooks/1342;0.000101
631;https://openai.com/api/pricing/api;0.000101
632;https://labs.openai.com/waitlist;0.000101
633;https://openai.com/blog/dall-e-introducing-outpainting/blog/tags/announcements/;0.000101
634;https://openai.com/blog/tags/research/blog/scaling-kubernetes-to-7500-nodes/;0.000101
635;https://arxiv.org/abs/1803.07246;0.000101
636;https://openai.com/blog/tags/research/blog/dall-e/;0.000101
637;https://openai.com/research/blog/tags/announcements/;0.000101
638;https://openai.com/blog/blog/first-retro-contest-retrospective/;0.000101
639;https://openai.com/api/pricing/blog/summarizing-books/;0.000101
640;https://arxiv.org/abs/1802.09464;0.000101
641;https://openai.com/about/privacy/;0.000101
642;https://openai.com/blog/tags/announcements/blog/codex-apps/;0.000101
643;https://openai.com/blog/summarizing-books/api/policies/;0.000101
644;https://arxiv.org/abs/1909.08593;0.000101
645;https://openai.com/blog/dall-e-introducing-outpainting/blog/authors/openai/;0.000101
646;https://openai.com/newsroom/careers/;0.000101
647;https://openai.com/terms/mailto:dmcanotice@openai.com;0.000101
648;https://github.com/openai/openai/openai-quickstart-node/stargazers;0.000101
649;https://en.wikipedia.org/wiki/Existential_risk_from_artificial_general_intelligence;0.000101
650;https://openai.com/blog/summarizing-books/api/pricing/;0.000101
651;https://openai.com/newsroom/newsroom/;0.000101
652;https://openai.com/blog/tags/events/newsroom/;0.000101
653;https://openai.com/api/pricing/api/policies/;0.000101
654;https://openai.com/blog/blog/solving-rubiks-cube/;0.000101
655;https://openai.com/blog/instruction-following/fund/;0.000101
656;https://openai.com/blog/tags/announcements/blog/openai-fellows-interns-2019/;0.000101
657;https://openai.com/api/newsroom/;0.000101
658;https://openai.com/blog/tags/research/alignment/;0.000101
659;https://openai.com/research/blog/multimodal-neurons/;0.000101
660;https://github.com/openai/orgs/openai/repositories?type=all;0.000101
661;https://openai.com/dall-e-2/blog/tags/announcements/;0.000101
662;https://openai.com/blog/tags/announcements/blog/team-update-january/;0.000101
663;https://openai.com/blog/blog/openai-licenses-gpt-3-technology-to-microsoft/;0.000101
664;https://openai.com/newsroom/blog/openai-codex/;0.000101
665;https://soundcloud.com/openai_audio/openai_audio/jukebox-children-874177507;0.000101
666;https://openai.com/terms/blog/openai-codex/;0.000101
667;https://openai.com/blog/blog/report-from-the-self-organizing-conference/;0.000101
668;https://askviable.com/;0.000101
669;https://openai.com/api/policies/api/policies/terms/;0.000101
670;https://openai.com/about/publications/;0.000101
671;https://openai.com/blog/summarizing-books/blog/summarizing-books/;0.000101
672;https://openai.com/blog/tags/announcements/blog/team-update-august/;0.000101
673;https://openai.com/publications/blog/neural-mmo;0.000101
674;https://openai.com/blog/tags/research/blog/tags/api/;0.000101
675;https://openai.com/blog/blog/openai-scholars-2020/;0.000101
676;https://openai.com/blog/blog/gpt-3-edit-insert/;0.000101
677;https://soundcloud.com/openai_audio/openai_audio/classic-pop-in-the-style-of-elvis-presley;0.000101
678;https://openai.com/research/research/;0.000101
679;https://arxiv.org/abs/1710.09767;0.000101
680;https://openai.com/blog/dall-e-introducing-outpainting/blog/openai-codex/;0.000101
681;https://openai.com/blog/blog/tags/five/;0.000101
682;https://openai.com/careers/blog/;0.000101
683;https://soundcloud.com/openai_audio/openai_audio/likes;0.000101
684;https://openai.com/blog/tags/milestones/blog/openai-baselines-dqn/;0.000101
685;https://openai.com/blog/instruction-following/blog/tags/announcements/;0.000101
686;https://openai.com/research/blog/solving-rubiks-cube/;0.000101
687;https://openai.com/privacy/blog/;0.000101
688;https://openai.com/blog/openai-codex/fund/;0.000101
689;https://github.com/openai/openai/openai-python/stargazers;0.000101
690;https://openai.com/blog/tags/events/blog/tags/research/;0.000101
691;https://openai.com/blog/summarizing-books/about/;0.000101
692;https://github.com/openai/openai/safety-gym/issues;0.000101
693;https://openai.com/blog/summarizing-books/newsroom/;0.000101
694;https://openai.com/careers/blog/openai-codex/;0.000101
695;https://openai.com/api/policies/blog/;0.000101
696;https://github.com/openai/pricing#compare-features;0.000101
697;https://openai.com/blog/dall-e-introducing-outpainting/blog/tags/research/;0.000101
698;https://openai.com/blog/blog/openai-baselines-ppo/;0.000101
699;https://openai.com/blog/tags/research/api/docs/;0.000101
700;https://openai.com/privacy/api/login/;0.000101
701;https://openai.com/blog/blog/debate/;0.000101
702;https://openai.com/blog/blog/formal-math/;0.000101
703;https://beta.openai.com/docs/usage-policies;0.000101
704;https://arxiv.org/abs/1807.10299;0.000101
705;https://openai.com/blog/tags/milestones/blog/tags/research/;0.000101
706;https://openai.com/blog/blog/our-approach-to-alignment-research/;0.000101
707;https://openai.com/api/policies/blog/summarizing-books/;0.000101
708;https://openai.com/blog/openai-codex/blog/authors/openai/;0.000101
709;https://openai.com/api/blog/tags/research/;0.000101
710;https://labs.openai.com/policies/content-policy;0.000101
711;https://openai.com/blog/blog/tags/multimodal/;0.000101
712;https://openai.com/api/policies/about/;0.000101
713;https://openai.com/blog/tags/events/dall-e-2/;0.000101
714;https://openai.com/blog/blog/gpt-2-6-month-follow-up/;0.000101
715;https://help.soundcloud.com;0.000101
716;https://openai.com/blog/blog/gathering_human_feedback/;0.000101
717;https://openai.com/blog/tags/announcements/blog/will-hurd-joins/;0.000101
718;https://openai.com/careers/fund/;0.000101
719;https://openai.com/publications/blog/cooperation-on-safety;0.000101
720;https://openai.com/blog/tags/announcements/blog/dall-e-2-update/;0.000101
721;https://openai.com/blog/tags/announcements/api/pricing/;0.000101
722;https://github.com/openai/openai/procgen/pulls;0.000101
723;https://openai.com/api/research/;0.000101
724;https://openai.com/publications/dall-e-2/;0.000101
725;https://openai.com/blog/blog/tags/milestones/;0.000101
726;https://cdn.openai.com/better-language-models/language_models_are_unsupervised_multitask_learners.pdf;0.000101
727;https://openai.com/blog/tags/research/api/pricing/;0.000101
728;https://openai.com/blog/summarizing-books/charter/;0.000101
729;https://github.com/openai/openai/openai-cookbook/issues;0.000101
730;https://openai.com/blog/blog/more-on-dota-2/;0.000101
731;https://openai.com/blog/tags/announcements/about/;0.000101
732;https://openai.com/api/fund/;0.000101
733;https://openai.com/blog/tags/milestones/blog/science-of-ai/;0.000101
734;https://openai.com/blog/tags/research/blog/learning-montezumas-revenge-from-a-single-demonstration/;0.000101
735;https://openai.com/blog/dall-e-introducing-outpainting/terms/;0.000101
736;https://github.com/openai/openai/gym/issues;0.000101
737;https://arxiv.org/abs/1712.01312;0.000101
738;https://openai.com/api/login/;0.000101
739;https://openai.com/api/pricing/privacy/;0.000101
740;https://openai.com/research/blog/tags/milestones/;0.000101
741;https://openai.com/blog/openai-codex/blog/tags/events/;0.000101
742;https://openai.com/blog/tags/research/careers/;0.000101
743;https://arxiv.org/abs/1706.03741;0.000101
744;https://openai.com/terms/blog/summarizing-books/;0.000101
745;https://arxiv.org/abs/1706.01502;0.000101
746;https://openai.com/newsroom/publications/;0.000101
747;https://openai.com/blog/blog/vpt/;0.000101
748;https://github.com/openai/features/codespaces;0.000101
749;https://openai.com/blog/tags/research/blog/openai-codex/;0.000101
750;https://openai.com/blog/blog/organizational-update/;0.000101
751;https://openai.com/blog/openai-codex/api/;0.000101
752;https://openai.com/api/blog/summarizing-books/;0.000101
753;https://openai.com/blog/dall-e-introducing-outpainting/fund/;0.000101
754;https://soundcloud.com/openai_audio/openai_audio/jukebox-558229801;0.000101
755;https://openai.com/privacy/charter/;0.000101
756;https://openai.com/blog/instruction-following/dall-e-2/;0.000101
757;https://openai.com/blog/blog/openai-and-microsoft/;0.000101
758;https://arxiv.org/abs/1711.00694;0.000101
759;https://openai.com/blog/tags/milestones/careers/;0.000101
760;https://openai.com/blog/api/pricing/;0.000101
761;https://arxiv.org/abs/1803.02999;0.000101
762;https://openai.com/blog/blog/critiques/;0.000101
763;https://gpttools.com/searchtokens;0.000101
764;https://openai.com/blog/tags/announcements/blog/openai-scholars-2019-meet-our-scholars/;0.000101
765;https://openai.com/blog/blog/learning-montezumas-revenge-from-a-single-demonstration/;0.000101
766;https://openai.com/about/blog/openai-codex/;0.000101
767;https://openai.com/alignment/blog/multimodal-neurons/;0.000101
768;https://openai.com/blog/tags/announcements/blog/gpt-3-apps/;0.000101
769;https://openai.com/blog/openai-codex/newsroom/;0.000101
770;https://openai.com/blog/our-approach-to-alignment-research/publications/;0.000101
771;https://www.atlassian.com/legal/privacy-policy;0.000101
772;https://openai.com/blog/our-approach-to-alignment-research/api/pricing/;0.000101
773;http://www.enable-javascript.com/;0.000101
774;https://arxiv.org/abs/2102.02503;0.000101
775;https://openai.com/publications/blog/grade-school-math;0.000101
776;https://openai.com/about/blog/multimodal-neurons/;0.000101
777;https://openai.com/blog/tags/milestones/blog/tags/events/;0.000101
778;https://arxiv.org/abs/1703.07326;0.000101
779;https://openai.com/publications/blog/openai-codex/;0.000101
780;https://github.com/openai/orgs/openai/repositories?language=jupyter+notebook&type=all;0.000101
781;https://openai.com/blog/blog/nonlinear-computation-in-linear-networks/;0.000101
782;https://beta.openai.com/docs/api-reference/completions;0.000101
783;https://labs.openai.com/signup;0.000101
784;https://openai.com/publications/publications/;0.000101
785;https://subscriptions.statuspage.io/slack_authentication/kickoff?page_code=jbxzcdv9xc4d;0.000101
786;https://github.com/openai/orgs/openai/repositories?language=c%2B%2B&type=all;0.000101
787;https://openai.com/blog/dall-e-introducing-outpainting/privacy/;0.000101
788;https://github.com/openai/openai/openai-cookbook/stargazers;0.000101
789;https://openai.com/careers/research/;0.000101
790;https://status.openai.com/history.rss;0.000101
791;https://openai.com/publications/blog/testing-robustness;0.000101
792;https://openai.com/blog/blog/instruction-following/;0.000101
793;https://openai.com/charter/api/login/;0.000101
794;https://openai.com/research/dall-e-2/;0.000101
795;https://arxiv.org/abs/1611.03852;0.000101
796;https://openai.com/blog/summarizing-books/blog/instruction-following/;0.000101
797;https://www.instagram.com/emma_catnip/;0.000101
798;https://openai.com/alignment/blog/tags/research/;0.000101
799;https://openai.com/publications/blog/learning-a-hierarchy;0.000101
800;https://openai.com/blog/blog/openai-summer-fellows-2018/;0.000101
801;https://openai.com/blog/blog/reptile/;0.000101
802;https://openai.com/blog/tags/research/blog/microscope/;0.000101
803;https://openai.com/blog/newsroom/;0.000101
804;https://resources.github.com/devops/;0.000101
805;https://openai.com/blog/charter/;0.000101
806;https://openai.com/blog/tags/research/blog/ingredients-for-robotics-research/;0.000101
807;https://openai.com/blog/tags/milestones/blog/generative-models/;0.000101
808;https://openai.com/alignment/api/login/;0.000101
809;https://openai.com/blog/instruction-following/careers/;0.000101
810;https://github.com/openai/openai/spinningup/stargazers;0.000101
811;https://openai.com/publications/blog/dall-e-2;0.000101
812;https://github.com/openai/openai/safety-gym/pulls;0.000101
813;https://beta.openai.com/docs/guides/fine-tuning/hyperparameters;0.000101
814;https://beta.openai.com/docs/engines;0.000101
815;https://openai.com/blog/blog/openai-scholars-2019/;0.000101
816;https://openai.com/blog/blog/dall-e-2/;0.000101
817;https://openai.com/publications/blog/summarizing-books;0.000101
818;https://status.openai.com/history.atom;0.000101
819;https://openai.com/blog/blog/hackathon-follow-up/;0.000101
820;https://openai.com/blog/dall-e-introducing-outpainting/blog/tags/milestones/;0.000101
821;https://openai.com/charter/api/pricing/;0.000101
822;https://allaboutcookies.org/;0.000101
823;https://openai.com/dall-e-2/terms/;0.000101
824;https://github.com/openai/openai/whisper/pulls;0.000101
825;https://openai.com/api/pricing/api/pricing/#faq-fine-tuning-pricing-calculation;0.000101
826;https://openai.com/blog/blog/concrete-ai-safety-problems/;0.000101
827;https://openai.com/blog/tags/research/blog/learning-to-cooperate-compete-and-communicate/;0.000101
828;https://openai.com/privacy/careers/;0.000101
829;https://openai.com/research/blog/summarizing-books/;0.000101
830;https://openai.com/blog/tags/events/blog/openai-scholars-2018-final-projects/;0.000101
831;https://arxiv.org/abs/2202.01344;0.000101
832;https://github.com/openai/openai/procgen/network/members;0.000101
833;https://openai.com/publications/blog/amplifying-ai-training;0.000101
834;https://openai.com/blog/blog/sparse-transformer/;0.000101
835;https://openai.com/careers/interview-guide/;0.000101
836;https://arxiv.org/abs/2201.10005;0.000101
837;https://openai.com/alignment/newsroom/;0.000101
838;https://openai.com/research/blog/instruction-following/;0.000101
839;https://youtu.be/SGUCcjHTmGY;0.000101
840;https://openai.com/publications/blog/openai-gym-beta;0.000101
841;https://openai.com/api/blog/tags/announcements/;0.000101
842;https://openai.com/alignment/blog/safety-gym/;0.000101
843;https://openai.com/publications/blog/webgpt;0.000101
844;https://arxiv.org/abs/1605.07725;0.000101
845;https://openai.com/blog/blog/whisper/;0.000101
846;https://openai.com/blog/tags/research/blog/fine-tuning-gpt-2/;0.000101
847;https://openai.com/newsroom/api/;0.000101
848;https://openai.com/dall-e-2/dall-e-2/;0.000101
849;https://openai.com/newsroom/fund/;0.000101
850;https://soundcloud.com/openai_audio/openai_audio/pop-in-the-style-of-jack-johnson-1;0.000101
851;https://openai.com/dall-e-2/research/;0.000101
852;https://resources.github.com/devops/fundamentals/devsecops/;0.000101
853;https://openai.com/charter/publications/;0.000101
854;https://openai.com/blog/dall-e-introducing-outpainting/about/;0.000101
855;https://openai.com/blog/tags/research/blog/openai-pytorch/;0.000101
856;https://openai.com/blog/tags/research/blog/reinforcement-learning-with-prediction-based-rewards/;0.000101
857;https://openaipublic.blob.core.windows.net/recursive-book-summ/website/index.html;0.000101
858;https://openai.com/blog/blog/retro-contest/;0.000101
859;https://beta.openai.com/docs/api-reference/searches;0.000101
860;https://openai.com/blog/summarizing-books/alignment/;0.000101
861;https://www.instagram.com/dailydall.e/;0.000101
862;https://openai.com/blog/blog/safety-gym/;0.000101
863;https://arxiv.org/abs/1611.00736;0.000101
864;https://openai.com/blog/blog/introducing-openai/;0.000101
865;https://openai.com/blog/tags/research/blog/faulty-reward-functions/;0.000101
866;https://openai.com/about/blog/dall-e-2/;0.000101
867;https://openai.com/api/policies/privacy/;0.000101
868;https://openai.com/api/pricing/publications/;0.000101
869;https://github.com/openai/openai/openai-python/pulls;0.000101
870;https://github.com/openai/login?return_to=https%3A%2F%2Fgithub.com%2Fopenai%2F;0.000101
871;https://soundcloud.com/openai_audio/openai_audio/sets;0.000101
872;https://openai.com/blog/blog/faster-robot-simulation-in-python/;0.000101
873;https://services.github.com;0.000101
874;https://openai.com/blog/tags/events/blog/openai-codex/;0.000101
875;https://openai.com/terms/blog/tags/events/;0.000101
876;https://openai.com/charter/blog/tags/announcements/;0.000101
877;https://openai.com/about/dall-e-2/;0.000101
878;https://openai.com/newsroom/blog/dall-e-2/;0.000101
879;https://openai.com/blog/instruction-following/privacy/;0.000101
880;https://openai.com/blog/blog/ai-safety-needs-social-scientists/;0.000101
881;https://www.duolingo.com/;0.000101
882;https://openai.com/blog/blog/introducing-text-and-code-embeddings/;0.000101
883;https://openai.com/blog/tags/research/blog/image-gpt/;0.000101
884;https://beta.openai.com/docs/supported-countries;0.000101
885;https://openai.com/api/policies/api/policies/;0.000101
886;https://openai.com/blog/learning-to-summarize-with-human-feedback/;0.000101
887;https://openai.com/research/blog/tags/events/;0.000101
888;https://openai.com/blog/tags/announcements/blog/gpt-3-edit-insert/;0.000101
889;https://openai.com/blog/blog/openai-fellows-interns-2019/;0.000101
890;https://openai.com/blog/summarizing-books/api/login/;0.000101
891;https://openai.com/blog/tags/announcements/blog/dall-e-api-now-available-in-public-beta/;0.000101
892;https://openai.com/blog/blog/amplifying-ai-training/;0.000101
893;https://arxiv.org/abs/1810.12894;0.000101
894;https://openai.com/publications/blog/image-gpt;0.000101
895;https://arxiv.org/abs/1902.01086;0.000101
896;https://openai.com/blog/our-approach-to-alignment-research/terms/;0.000101
897;https://openai.com/blog/summarizing-books/blog/tags/events/;0.000101
898;https://www.githubstatus.com/;0.000101
899;https://openai.com/charter/blog/summarizing-books/;0.000101
900;https://openai.com/blog/tags/announcements/blog/tags/announcements/;0.000101
901;https://openai.com/about/blog/tags/events/;0.000101
902;https://openai.com/blog/tags/research/blog/techniques-for-training-large-neural-networks/;0.000101
903;https://openai.com/blog/dall-e-introducing-outpainting/publications/;0.000101
904;https://openai.com/api/pricing/api/docs/;0.000101
905;https://github.com/openai/customer-stories;0.000101
906;https://github.com/openai/signup?ref_cta=Sign+up&ref_loc=header+logged+out&ref_page=%2F%3Corg-login%3E&source=header;0.000101
907;https://github.com/openai/openai/triton/issues;0.000101
908;https://openai.com/blog/gpt-3-apps/;0.000101
909;https://openai.com/blog/blog/tags/gpt-2/;0.000101
910;https://openai.com/blog/tags/research/blog/robust-adversarial-inputs/;0.000101
911;https://openai.com/blog/dall-e-introducing-outpainting/charter/;0.000101
912;https://openai.com/blog/tags/research/blog/tags/announcements/;0.000101
913;https://openai.com/publications/blog/quantifying-generalization-in-reinforcement-learning;0.000101
914;https://openai.com/careers/charter/;0.000101
915;https://openai.com/publications/blog/learning-to-summarize-with-human-feedback;0.000101
916;https://openai.com/charter/api/examples/;0.000101
917;https://openai.com/publications/blog/unsupervised-sentiment-neuron;0.000101
918;https://repl.it/@NikolasTezak/API-TokenLoadEstimator#main.py;0.000101
919;https://openai.com/alignment/alignment/;0.000101
920;https://github.com/openai/openai/baselines/stargazers;0.000101
921;https://openai.com/research/blog/whisper/;0.000101
922;https://beta.openai.com/policies;0.000101
923;https://openai.com/publications/blog/concrete-ai-safety-problems;0.000101
924;https://github.blog;0.000101
925;https://openai.com/terms/blog/;0.000101
926;https://openai.com/blog/tags/milestones/blog/unsupervised-sentiment-neuron/;0.000101
927;https://arxiv.org/abs/1610.05755;0.000101
928;https://openai.com/blog/instruction-following/blog/authors/lowe/;0.000101
929;https://openai.com/blog/best-practices-for-deploying-language-models/;0.000101
930;https://openai.com/alignment/blog/our-approach-to-alignment-research/;0.000101
931;https://openai.com/blog/tags/research/blog/gym-retro/;0.000101
932;https://github.com/openai/openai/gym/pulls;0.000101
933;https://openai.com/blog/blog/openai-five-benchmark-results/;0.000101
934;https://twitter.com/intent/tweet?text=Data+Science+with+%23OpenAICodex%3A&&url=openai.com%2Fblog%2Fopenai-codex%2F%23datascience&via=OpenAI;0.000101
935;https://arxiv.org/abs/1703.06907;0.000101
936;https://openai.com/blog/blog/best-practices-for-deploying-language-models/;0.000101
937;https://arxiv.org/abs/1808.05662;0.000101
938;https://openai.com/blog/tags/research/dall-e-2/;0.000101
939;https://openai.com/terms/careers/;0.000101
940;https://openai.com/jobs;0.000101
941;https://openai.com/blog/tags/research/blog/safety-gym/;0.000101
942;https://openai.com/dall-e-2/blog/openai-codex/;0.000101
943;https://openai.com/blog/openai-codex/blog/authors/wojciech/;0.000101
944;https://github.com/openai/openai/kubernetes/stargazers;0.000101
945;https://openai.com/blog/our-approach-to-alignment-research/api/docs/;0.000101
946;https://openai.com/api/dall-e-2;0.000101
947;https://docs.github.com/en/github/site-policy/github-terms-of-service;0.000101
948;https://openai.com/blog/blog/openai-five-benchmark/;0.000101
949;https://openai.com/blog/tags/events/blog/instruction-following/;0.000101
950;https://arxiv.org/abs/1712.07040;0.000101
951;https://openai.com/about/blog/summarizing-books/;0.000101
952;https://openai.com/api/pricing/terms/;0.000101
953;https://openai.com/blog/tags/research/terms/;0.000101
954;https://openai.com/publications/api/pricing/;0.000101
955;https://openai.com/blog/tags/milestones/blog/solving-rubiks-cube/;0.000101
956;https://openai.com/blog/tags/research/blog/baselines-acktr-a2c/;0.000101
957;https://openai.com/research/api/;0.000101
958;https://openai.com/blog/our-approach-to-alignment-research/blog/authors/john/;0.000101
959;https://openai.com/blog/tags/milestones/api/docs/;0.000101
960;https://openai.com/blog/tags/milestones/newsroom/;0.000101
961;https://openai.com/blog/tags/announcements/blog/procgen-minerl-competitions/;0.000101
962;https://openai.com/blog/blog/learning-to-summarize-with-human-feedback/;0.000101
963;https://openai.com/api/policies/fund/;0.000101
964;https://openai.com/blog/dall-e-introducing-outpainting/blog/tags/events/;0.000101
965;https://openai.com/alignment/about;0.000101
966;https://openai.com/privacy/blog/openai-codex/;0.000101
967;https://github.com/openai/dalle-2-preview/blob/main/system-card.md;0.000101
968;https://help.twitter.com/using-twitter/twitter-supported-browsers;0.000101
969;https://openai.com/blog/tags/research/blog/openai-five-defeats-dota-2-world-champions/;0.000101
970;https://openai.com/privacy/alignment/;0.000101
971;https://arxiv.org/abs/1802.04821;0.000101
972;https://beta.openai.com/signup;0.000101
973;https://openai.com/api/pricing/newsroom/;0.000101
974;https://github.com/openai/openai/kubernetes/network/members;0.000101
975;https://openai.com/newsroom/api/login/;0.000101
976;https://openai.com/publications/blog/evolved-policy-gradients;0.000101
977;https://openai.com/privacy/api/docs/;0.000101
978;https://openai.com/blog/tags/announcements/publications/;0.000101
979;https://openai.com/blog/instruction-following/api/login/;0.000101
980;https://arxiv.org/abs/1707.06347;0.000101
981;https://openai.com/blog/blog/faulty-reward-functions/;0.000101
982;https://openai.com/api/policies/api/policies/terms/support@openai.com;0.000101
983;https://openai.com/blog/blog/openai-baselines-dqn/;0.000101
984;https://openai.com/research/blog/dall-e/;0.000101
985;https://openai.com/dall-e-2/api/policies/;0.000101
986;https://openai.com/blog/dall-e-introducing-outpainting/blog/summarizing-books/;0.000101
987;https://openai.com/blog/tags/milestones/blog/multimodal-neurons/;0.000101
988;https://github.com/openai/openai/multi-agent-emergence-environments;0.000101
989;https://openai.com/blog/blog/openai-scholars-2018-final-projects/;0.000101
990;https://openai.com/alignment;0.000101
991;https://openai.com/blog/tags/announcements/blog/customized-gpt-3/;0.000101
992;https://openai.com/blog/blog/learning-day/;0.000101
993;https://openai.com/blog/blog/infrastructure-for-deep-learning/;0.000101
994;https://openai.com/alignment/privacy/;0.000101
995;https://openai.com/blog/blog/tags/residency/;0.000101
996;https://openai.com/careers/api/policies/;0.000101
997;https://openai.com/blog/tags/milestones/blog/tags/announcements/;0.000101
998;https://openai.com/blog/tags/announcements/blog/leadership-team-update/;0.000101
999;https://openai.com/api/policies/mailto:support@openai.com;0.000101
1000;https://openai.com/research/api/policies/;0.000101
1001;https://openai.com/api/publications/;0.000101
1002;https://arxiv.org/abs/1704.03012;0.000101
1003;https://openai.com/blog/tags/research/blog/interpretable-machine-learning-through-teaching/;0.000101
1004;https://openai.com/alignment/blog/debate/;0.000101
1005;https://openai.com/blog/tags/milestones/blog/musenet/;0.000101
1006;https://openai.com/blog/tags/research/blog/learning-to-communicate/;0.000101
1007;https://openai.com/publications/blog/tags/milestones/;0.000101
1008;https://openai.com/blog/tags/events/blog/;0.000101
1009;https://openai.com/blog/tags/milestones/blog/learning-dexterity/;0.000101
1010;https://openai.com/careers/about/;0.000101
1011;https://openai.com/blog/tags/events/blog/neurips-2020/;0.000101
1012;https://openai.com/dall-e-2/api/pricing/;0.000101
1013;https://openai.com/api/pricing/alignment/;0.000101
1014;https://openai.com/blog/blog/tags/research/;0.000101
1015;https://openai.com/blog/dall-e-introducing-outpainting/newsroom/;0.000101
1016;https://openai.com/blog/tags/milestones/api/pricing/;0.000101
1017;https://openai.com/blog/blog/team-plus-plus/;0.000101
1018;https://arxiv.org/abs/1703.01703;0.000101
1019;https://cdn.openai.com/palms.pdf;0.000101
1020;https://openai.com/blog/blog/jukebox/;0.000101
1021;https://openai.com/blog/blog/deep-double-descent/;0.000101
1022;https://openai.com/blog/tags/announcements/blog/tags/residency/;0.000101
1023;https://arxiv.org/abs/1811.07871;0.000101
1024;https://openai.com/alignment/blog/;0.000101
1025;https://policies.google.com/privacy;0.000101
1026;https://github.com/openai/openai/retro/network/members;0.000101
1027;https://openai.com/blog/tags/events/blog/tags/announcements/;0.000101
1028;https://policies.google.com/technologies/cookies?hl=cs&utm_source=ucb;0.000101
1029;https://openai.com/blog/blog/neurips-2020/;0.000101
1030;https://openai.com/blog/openai-codex/blog/;0.000101
1031;https://openai.com/blog/summarizing-books/api/examples/;0.000101
1032;https://openai.com/publications/blog/competitive-self-play;0.000101
1033;https://www.atlassian.com/legal/cloud-terms-of-service;0.000101
1034;https://openai.com/careers/blog/tags/research/;0.000101
1035;https://openai.com/careers/blog/tags/announcements/;0.000101
1036;https://openai.com/blog/tags/research/blog/learning-concepts-with-energy-functions/;0.000101
1037;https://openai.com/blog/tags/announcements/blog/openai-scholars-2019/;0.000101
1038;https://openai.com/publications/blog/improving-language-model-behavior;0.000101
1039;https://help.soundcloud.com/hc/articles/115003564308-Technical-requirements;0.000101
1040;https://openai.com/api/policies/api/;0.000101
1041;https://help.openai.com/en/articles/5722486-how-your-data-is-used-to-improve-model-performance;0.000101
1042;https://openai.com/charter/api/docs/;0.000101
1043;https://openai.com/api/policies/newsroom/;0.000101
1044;https://openai.com/blog/tags/events/blog/openai-hackathon/;0.000101
1045;https://openai.com/newsroom/alignment/;0.000101
1046;https://openai.com/blog/summarizing-books/blog/authors/jan/;0.000101
1047;https://arxiv.org/abs/2009.03393;0.000101
1048;https://openai.com/blog/tags/research/blog/cooperation-on-safety/;0.000101
1049;https://openai.com/alignment/research/;0.000101
1050;https://openai.com/blog/openai-codex/alignment/;0.000101
1051;https://openai.com/blog/tags/research/blog/learning-to-model-other-minds/;0.000101
1052;https://openai.com/research/fund/;0.000101
1053;https://openai.com/blog/blog/api-no-waitlist/;0.000101
1054;https://openai.com/api/policies/careers/;0.000101
1055;https://arxiv.org/abs/1805.00899;0.000101
1056;https://openai.com/terms/api/login/;0.000101
1057;https://openai.com/blog/tags/events/blog/tags/milestones/;0.000101
1058;https://openai.com/blog/blog/learning-a-hierarchy/;0.000101
1059;http://firefox.com;0.000101
1060;https://openai.com/api/pricing/research/;0.000101
1061;https://openai.com/charter/about/;0.000101
1062;https://openai.com/blog/dall-e/;0.000101
1063;https://github.com/openai/trending;0.000101
1064;https://arxiv.org/abs/1606.01540;0.000101
1065;https://openai.com/api/api/login;0.000101
1066;https://openai.com/fund/mailto:hello@openai.fund;0.000101
1067;https://openai.com/blog/instruction-following/blog/authors/jan/;0.000101
1068;https://openai.com/blog/summarizing-books/privacy/;0.000101
1069;https://openai.com/blog/blog/musenet/;0.000101
1070;https://openai.com/blog/our-approach-to-alignment-research/research/;0.000101
1071;https://openai.com/blog/our-approach-to-alignment-research/blog/authors/jeffrey/;0.000101
1072;https://openai.com/blog/tags/research/blog/instruction-following/;0.000101
1073;https://soundcloud.com/openai_audio/;0.000101
1074;https://arxiv.org/abs/1611.02731;0.000101
1075;https://openai.com/about/blog/;0.000101
1076;https://github.com/openai/openai/safety-gym/stargazers;0.000101
1077;https://www.gutenberg.org/ebooks/11;0.000101
1078;https://openai.com/blog/blog/helen-toner-joins/;0.000101
1079;https://openai.com/alignment/api/pricing/;0.000101
1080;https://openai.com/research/privacy/;0.000101
1081;https://openai.com/blog/tags/milestones/blog/clip/;0.000101
1082;https://resources.github.com/;0.000101
1083;https://openai.com/blog/tags/research/blog/learning-dexterity/;0.000101
1084;https://openai.com/api/policies/publications/;0.000101
1085;https://openai.com/blog/tags/announcements/blog/openai-api/;0.000101
1086;https://openai.com/about/about/;0.000101
1087;https://openai.com/blog/tags/events/api/pricing/;0.000101
1088;https://openai.com/dall-e-2/api/login/;0.000101
1089;https://openai.com/api/privacy/;0.000101
1090;https://github.com/about;0.000101
1091;https://deepmindsafetyresearch.medium.com/scalable-agent-alignment-via-reward-modeling-bf4ab06dfd84;0.000101
1092;https://github.com/openai/openai/whisper/issues;0.000101
1093;https://openai.com/about/fund/;0.000101
1094;https://arxiv.org/abs/1710.03748;0.000101
1095;https://openai.com/terms/blog/tags/announcements/;0.000101
1096;https://openai.com/blog/summarizing-books/blog/authors/lowe/;0.000101
1097;https://openai.com/api/pricing/blog/tags/announcements/;0.000101
1098;https://openai.com/blog/blog/new-and-improved-content-moderation-tooling/;0.000101
1099;https://openai.com/research/blog/dall-e-2;0.000101
1100;https://arxiv.org/abs/2001.08361;0.000101
1101;https://azure.microsoft.com/en-us/services/openai-service/#overview;0.000101
1102;https://openai.com/blog/tags/research/blog/tags/multimodal/;0.000101
1103;https://openai.com/blog/our-approach-to-alignment-research/blog/instruction-following/;0.000101
1104;https://openai.com/blog/blog/openai-charter/;0.000101
1105;https://openai.com/charter/blog/;0.000101
1106;https://openai.com/blog/blog/meta-learning-for-wrestling/;0.000101
1107;https://openai.com/charter/fund/;0.000101
1108;https://openai.com/api/careers/;0.000101
1109;https://openai.com/blog/dall-e-introducing-outpainting/api/login/;0.000101
1110;https://openai.com/blog/tags/milestones/blog/instruction-following/;0.000101
1111;https://openai.com/api/blog/gpt-3-edit-insert/;0.000101
1112;https://github.com/openai/openai/triton/network/members;0.000101
1113;https://arxiv.org/abs/1909.07528;0.000101
1114;https://openai.com/privacy/api/;0.000101
1115;https://openai.com/publications/blog/sparse-transformer;0.000101
1116;https://arxiv.org/abs/1611.04717;0.000101
1117;https://openai.com/blog/blog/learning-to-model-other-minds/;0.000101
1118;https://openai.com/blog/webgpt/;0.000101
1119;https://openai.com/api/policies/blog/instruction-following/;0.000101
1120;https://openai.com/publications/terms/;0.000101
1121;https://openai.com/newsroom/blog/summarizing-books/;0.000101
1122;https://openai.com/blog/tags/announcements/blog/team-update/;0.000101
1123;https://openai.com/blog/tags/announcements/blog/tags/scholars/;0.000101
1124;https://arxiv.org/abs/1706.01905;0.000101
1125;https://openai.com/blog/tags/milestones/api/login/;0.000101
1126;https://github.com/openai/openai/triton/issues?q=label%3A%22help+wanted%22+is%3Aissue+is%3Aopen;0.000101
1127;https://github.com/openai/openai/spinningup/network/members;0.000101
1128;https://arxiv.org/abs/1710.06537;0.000101
1129;https://openai.com/blog/summarizing-books/blog/tags/milestones/;0.000101
1130;https://github.com/openai/openai/multi-agent-emergence-environments/issues;0.000101
1131;https://openai.com/api/policies/terms/;0.000101
1132;https://github.com/openai/openai/procgen;0.000101
1133;https://openai.com/blog/tags/research/blog/energy-based-models/;0.000101
1134;https://openai.com/publications/blog/jukebox;0.000101
1135;https://arxiv.org/abs/1606.03657;0.000101
1136;https://openai.com/blog/tags/events/fund/;0.000101
1137;https://openai.com/research/blog/openai-codex/;0.000101
1138;https://openai.com/newsroom/blog/tags/events/;0.000101
1139;https://openai.com/blog/tags/research/blog/nonlinear-computation-in-linear-networks/;0.000101
1140;https://openai.com/blog/tags/announcements/blog/organizational-update/;0.000101
1141;https://github.com/openai/openai/procgen/issues;0.000101
1142;https://boards.greenhouse.io/openai/jobs/4050138004;0.000101
1143;https://github.com/openai/openai/triton/stargazers;0.000101
1144;https://openai.com/api/policies/api/policies/sharing-publication;0.000101
1145;https://arxiv.org/abs/1806.06464;0.000101
1146;https://github.com/openai/openai/safety-gym;0.000101
1147;https://openai.com/blog/tags/announcements/charter/;0.000101
1148;https://openai.com/privacy/newsroom/;0.000101
1149;https://openai.com/blog/dall-e;0.000101
1150;https://openai.com/blog/tags/milestones/blog/openai-baselines-ppo/;0.000101
1151;https://openai.com/blog/tags/research/blog/the-international-2018-results/;0.000101
1152;https://grnh.se/fc3612bc4us;0.000101
1153;https://arxiv.org/abs/1908.09203;0.000101
1154;https://consent.youtube.com/dl?continue=https://www.youtube.com/openai?cbrd%3D1&gl=CZ&hl=cs&pc=yt&src=1;0.000101
1155;https://openai.com/blog/tags/research/blog/tags/baselines/;0.000101
1156;https://openai.com/blog/tags/research/privacy/;0.000101
1157;https://openai.com/blog/tags/research/blog/clip/;0.000101
1158;https://openai.com/dall-e-2/blog/summarizing-books/;0.000101
1159;https://openai.com/blog/tags/events/about/;0.000101
1160;https://openai.com/terms/mailto:support@openai.com;0.000101
1161;https://openai.com/blog/tags/milestones/blog/retro-contest/;0.000101
1162;https://openai.com/blog/blog/generalizing-from-simulation/;0.000101
1163;https://openai.com/blog/tags/research/blog/whisper/;0.000101
1164;https://openai.com/publications/blog/learning-to-communicate;0.000101
1165;https://openai.com/terms/fund/;0.000101
1166;https://openai.com/dall-e-2/alignment/;0.000101
1167;https://business.twitter.com/en/help/troubleshooting/how-twitter-ads-work.html?ref=web-twc-ao-gbl-adsinfo&utm_source=twc&utm_medium=web&utm_campaign=ao&utm_content=adsinfo;0.000101
1168;https://openai.com/blog/tags/research/blog/openai-five-benchmark-results/;0.000101
1169;https://openai.com/blog/tags/announcements/blog/;0.000101
1170;https://github.com/openai/openai/baselines/network/members;0.000101
1171;https://arxiv.org/abs/1811.01848;0.000101
1172;https://github.com/openai/openai/openai-python/network/members;0.000101
1173;https://openai.com/blog/openai-codex/api/examples/;0.000101
1174;https://openai.com/publications/blog/instruction-following/;0.000101
1175;https://openai.com/blog/tags/research/blog/more-on-dota-2/;0.000101
1176;https://openai.com/publications/blog/instruction-following;0.000101
1177;https://openai.com/api/api/examples/;0.000101
1178;https://arxiv.org/abs/1907.04534;0.000101
1179;https://openai.com/blog/openai-baselines-ppo/;0.000101
1180;https://www.gutenberg.org/ebooks/1513;0.000101
1181;https://openai.com/publications/blog/procgen-benchmark;0.000101
1182;https://openai.com/blog/deep-reinforcement-learning-from-human-preferences/;0.000101
1183;https://openai.com/charter/blog/tags/events/;0.000101
1184;https://openai.com/privacy/api/examples/;0.000101
1185;https://openai.com/blog/tags/research/blog/unsupervised-sentiment-neuron/;0.000101
1186;https://openai.com/research/blog/dall-e-2-pre-training-mitigations/;0.000101
1187;https://github.com/openai/openai/whisper/stargazers;0.000101
1188;https://openai.com/blog/blog/deep-reinforcement-learning-from-human-preferences/;0.000101
1189;https://openai.com/blog/tags/events/api/docs/;0.000101
1190;https://blog.openai.com/universe/;0.000101
1191;https://openai.com/terms/privacy/;0.000101
1192;https://openai.com/terms/blog/instruction-following/;0.000101
1193;https://github.com/openai/openai/gym;0.000101
1194;https://github.com/openai/openai/openai-quickstart-node;0.000101
1195;https://openai.com/terms/charter/;0.000101
1196;https://openai.com/blog/tags/announcements/blog/reducing-bias-and-improving-safety-in-dall-e-2/;0.000101
1197;https://openai.com/dall-e-2/blog/;0.000101
1198;https://facebook.com/openai.research/;0.000101
1199;https://openai.com/publications/blog/dall-e;0.000101
1200;https://soundcloud.com/openai_audio/openai_audio/jukebox-918901208;0.000101
1201;https://openai.com/careers/dall-e-2/;0.000101
1202;https://openai.com/blog/tags/announcements/blog/new-and-improved-content-moderation-tooling/;0.000101
1203;https://github.com/openai/openai/kubernetes/issues;0.000101
1204;https://openai.com/publications/blog/openai-codex;0.000101
1205;https://openai.com/blog/blog/openai-supporters/;0.000101
1206;https://openai.com/blog/tags/research/blog/preparing-for-malicious-uses-of-ai/;0.000101
1207;https://openai.com/blog/tags/research/blog/infrastructure-for-deep-learning/;0.000101
1208;https://openai.com/charter/blog/openai-codex/;0.000101
1209;https://openai.com/blog/blog/tags/culture/;0.000101
1210;https://openai.com/about/newsroom/;0.000101
1211;https://openai.com/publications/blog/glow;0.000101
1212;https://github.com/openai/team;0.000101
1213;https://openai.com/blog/blog/discovering-types-for-entity-disambiguation/;0.000101
1214;https://openai.com/blog/tags/announcements/blog/tags/research/;0.000101
1215;https://openai.com/publications/api/policies/;0.000101
1216;https://openai.com/blog/openai-codex/blog/tags/announcements/;0.000101
1217;https://openai.com/publications/careers/;0.000101
1218;https://github.com/openai/readme;0.000101
1219;https://openai.com/api/api/pricing;0.000101
1220;https://github.com/openai/features/packages;0.000101
1221;https://openai.com/api/pricing/blog/instruction-following/;0.000101
1222;https://openai.com/blog/summarizing-books/blog/;0.000101
1223;https://openai.com/blog/openai-codex/publications/;0.000101
1224;https://openai.com/blog/blog/gpt-2-1-5b-release/;0.000101
1225;https://openai.com/charter/dall-e-2/;0.000101
1226;https://openai.com/about/blog/tags/api/;0.000101
1227;https://github.com/openai/orgs/openai/repositories?language=ruby&type=all;0.000101
1228;https://openai.com/blog/api/policies/;0.000101
1229;https://openai.com/about/api/policies/;0.000101
1230;https://arxiv.org/abs/2004.07213;0.000101
1231;https://github.com/openai/enterprise/startups;0.000101
1232;https://openai.com/blog/blog/tags/community/;0.000101
1233;https://openai.com/alignment/blog/learning-to-summarize-with-human-feedback/;0.000101
1234;https://openai.com/blog/blog/techniques-for-training-large-neural-networks/;0.000101
1235;https://openai.com/publications/charter/;0.000101
1236;https://arxiv.org/abs/1810.01367;0.000101
1237;https://www.atlassian.com/software/statuspage?utm_campaign=status.openai.com&utm_content=SP-notifications&utm_medium=powered-by&utm_source=inapp;0.000101
1238;https://openai.com/blog/our-approach-to-alignment-research/api/login/;0.000101
1239;https://openai.com/charter/research/;0.000101
1240;https://github.com/openai/openai/openai-quickstart-node/pulls;0.000101
1241;https://openai.com/api/policies/api/examples/;0.000101
1242;https://openai.com/blog/openai-codex/blog/openai-codex/;0.000101
1243;https://openai.com/blog/our-approach-to-alignment-research/blog/authors/jan/;0.000101
1244;https://openai.com/blog/tags/events/blog/summarizing-books/;0.000101
1245;https://arxiv.org/abs/1811.02486;0.000101
1246;https://arxiv.org/abs/1802.07228;0.000101
1247;https://openai.com/about/security/disclosure/;0.000101
1248;https://openai.com/blog/blog/openai-scholars-2019-final-projects/;0.000101
1249;https://openai.com/newsroom/blog/;0.000101
1250;https://openai.com/blog/tags/milestones/blog/robots-that-learn/;0.000101
1251;https://openai.com/blog/tags/announcements/blog/tags/milestones/;0.000101
1252;https://openai.com/blog/tags/announcements/blog/openai-fellows/;0.000101
1253;https://openai.com/about/blog/instruction-following/;0.000101
1254;https://openai.com/blog/tags/research/blog/testing-robustness/;0.000101
1255;https://arxiv.org/abs/2112.09332;0.000101
1256;https://openai.com/blog/openai-codex/api/login/;0.000101
1257;https://beta.openai.com/examples/;0.000101
1258;https://openai.com/alignment/charter/;0.000101
1259;https://openai.com/terms/terms/;0.000101
1260;https://openai.com/blog/tags/announcements/blog/dall-e-introducing-outpainting/;0.000101
1261;https://openai.com/blog/blog/distill/;0.000101
1262;https://openai.com/blog/instruction-following/api/pricing/;0.000101
1263;https://openai.com/blog/openai-codex/api/docs/;0.000101
1264;https://openai.com/research/blog/tags/research/;0.000101
1265;https://openai.com/blog/blog/team-update-august/;0.000101
1266;https://openai.com/alignment/blog/critiques/;0.000101
1267;https://openai.com/blog/tags/research/blog/openai-five-finals/;0.000101
1268;https://openai.com/blog/blog/dall-e-now-available-without-waitlist/;0.000101
1269;https://openai.com/blog/tags/events/api/examples/;0.000101
1270;https://arxiv.org/abs/1912.02292;0.000101
1271;https://openai.com/blog/blog/grade-school-math/;0.000101
1272;https://openai.com/blog/tags/research/blog/summarizing-books/;0.000101
1273;https://openai.com/publications/blog/tags/events/;0.000101
1274;https://openai.com/terms/newsroom/;0.000101
1275;https://openai.com/newsroom/api/pricing/;0.000101
1276;https://openai.com/publications/alignment/;0.000101
1277;https://github.com/openai/openai/openai-quickstart-node/network/members;0.000101
1278;https://openai.com/fund/about;0.000101
1279;https://arxiv.org/abs/2105.08209;0.000101
1280;https://openai.com/charter/terms/;0.000101
1281;https://openai.com/blog/our-approach-to-alignment-research/alignment/;0.000101
1282;https://openai.com/blog/our-approach-to-alignment-research/blog/tags/research/;0.000101
1283;https://arxiv.org/abs/1812.02341;0.000101
1284;https://github.com/openai/orgs/openai/packages;0.000101
1285;https://openai.com/blog/tags/research/blog/openai-baselines-dqn/;0.000101
1286;https://openai.com/blog/dall-e-introducing-outpainting/careers/;0.000101
1287;https://arxiv.org/abs/1707.00183;0.000101
1288;https://openai.com/publications/research/;0.000101
1289;https://arxiv.org/abs/1703.04070;0.000101
1290;https://openai.com/blog/tags/announcements/terms/;0.000101
1291;https://openai.com/blog/tags/announcements/blog/tags/fellows/;0.000101
1292;https://openai.com/blog/api/examples/;0.000101
1293;https://openai.com/blog/tags/research/blog/sparse-transformer/;0.000101
1294;https://openai.com/research/blog/image-gpt/;0.000101
1295;https://arxiv.org/abs/2005.04305;0.000101
1296;https://openai.com/blog/tags/research/blog/universe/;0.000101
1297;https://openai.com/careers/api/;0.000101
1298;https://openai.com/blog/instruction-following/blog/openai-codex/;0.000101
1299;https://openai.com/blog/tags/research/blog/reptile/;0.000101
1300;https://twitter.com/intent/tweet?text=Creating+a+Space+Game+with+%23OpenAICodex%3A&&url=openai.com%2Fblog%2Fopenai-codex%2F%23spacegame&via=OpenAI;0.000101
1301;https://github.com/openai/sponsors;0.000101
1302;https://github.com/openai/openai/whisper/network/members;0.000101
1303;https://openai.com/blog/summarizing-books/dall-e-2/;0.000101
1304;https://openai.com/blog/blog/baselines-acktr-a2c/;0.000101
1305;https://openai.com/dall-e-2/blog/tags/milestones/;0.000101
1306;https://openai.com/api/pricing/api/pricing;0.000101
1307;https://openai.com/api/api/policies/;0.000101
1308;https://openai.com/blog/blog/roboschool/;0.000101
1309;https://openai.com/alignment/blog/webgpt/;0.000101
1310;https://legal.twitter.com/imprint.html;0.000101
1311;https://openai.com/blog/blog/dall-e-2-pre-training-mitigations/;0.000101
1312;https://openai.com/blog/tags/research/blog/deep-double-descent/;0.000101
1313;https://github.com/openai/openai/triton;0.000101
1314;https://openai.com/terms/api/examples/;0.000101
1315;https://openai.com/blog/tags/research/blog/glow/;0.000101
1316;https://github.com/openai/openai/multi-agent-emergence-environments/network/members;0.000101
1317;https://openai.com/api/policies/api/policies/service-terms/;0.000101
1318;https://openai.com/blog/api/docs/;0.000101
1319;https://github.com/openai/openai/retro/stargazers;0.000101
1320;https://openai.com/blog/tags/events/api/policies/;0.000101
1321;https://openai.com/careers/publications/;0.000101
1322;https://openai.com/dall-e-2/blog/tags/research/;0.000101
1323;https://openai.com/blog/blog/spinning-up-in-deep-rl/;0.000101
1324;https://beta.openai.com/docs/usage-guidelines/use-case-guidelines;0.000101
1325;https://openai.com/api/dall-e-2/;0.000101
1326;https://openai.com/newsroom/research/;0.000101
1327;https://arxiv.org/abs/1910.07113;0.000101
1328;https://skills.github.com/;0.000101
1329;https://openai.com/blog/fine-tuning-gpt-2/;0.000101
1330;https://openai.com/blog/terms/;0.000101
1331;https://openai.com/publications/blog/gpt-2-1-5b-release;0.000101
1332;https://openai.com/blog/blog/reducing-bias-and-improving-safety-in-dall-e-2/;0.000101
1333;https://openai.com/blog/tags/events/blog/openai-scholars-2019-final-projects/;0.000101
1334;https://openai.com/blog/tags/milestones/blog/block-sparse-gpu-kernels/;0.000101
1335;https://openai.com/blog/tags/announcements/api/examples/;0.000101
1336;https://twitter.com/djbaskin_images;0.000101
1337;https://openai.com/blog/tags/announcements/blog/openai-lp/;0.000101
1338;https://openai.com/terms/api/pricing/;0.000101
1339;https://openai.com/blog/blog/neural-mmo/;0.000101
1340;https://openai.com/blog/tags/announcements/blog/openai-technical-goals/;0.000101
1341;https://beta.openai.com/docs/guides/embeddings;0.000101
1342;https://openai.com/blog/tags/research/blog/ai-safety-needs-social-scientists/;0.000101
1343;https://github.com/openai/openai/openai-cookbook;0.000101
1344;https://openai.com/blog/tags/research/blog/gpt-2-1-5b-release/;0.000101
1345;https://openai.com/publications/blog/discovering-types-for-entity-disambiguation;0.000101
1346;https://openai.com/newsroom/blog/tags/milestones/;0.000101
1347;https://openai.com/blog/blog/procgen-minerl-competitions/;0.000101
1348;https://openai.com/blog/blog/gpt-3-apps/;0.000101
1349;https://openai.com/dall-e-2/api/docs/;0.000101
1350;https://copilot.github.com/;0.000101
1351;https://openai.com/blog/blog/summarizing-books/;0.000101
1352;https://openai.com/about/blog/tags/multimodal/;0.000101
1353;https://openai.com/privacy/api/policies/;0.000101
1354;https://openai.com/blog/summarizing-books/api/;0.000101
1355;https://openai.com/blog/tags/research/blog/retro-contest/;0.000101
1356;https://openai.com/blog/about/;0.000101
1357;https://arxiv.org/abs/1808.04355;0.000101
1358;https://openai.com/blog/tags/research/blog/ai-and-compute/;0.000101
1359;https://soundcloud.com/openai_audio/openai_audio/comments;0.000101
1360;https://openai.com/api/api;0.000101
1361;https://openai.com/blog/blog/evolution-strategies/;0.000101
1362;https://github.com/openai/openai/mujoco-py/network/members;0.000101
1363;https://openai.com/alignment/blog/openai-codex/;0.000101
1364;https://openai.com/blog/instruction-following/publications/;0.000101
1365;https://openai.com/blog/blog/tags/api/;0.000101
1366;https://openai.com/blog/our-approach-to-alignment-research/;0.000101
1367;https://openai.com/blog/openai-codex/careers/;0.000101
1368;https://openai.com/research/blog/our-approach-to-alignment-research/;0.000101
1369;https://openai.com/charter/blog/instruction-following/;0.000101
1370;https://openai.com/privacy/api/pricing/;0.000101
1371;https://openai.com/api/policies/blog/tags/events/;0.000101
1372;https://openai.com/blog/research/;0.000101
1373;https://openai.com/blog/tags/research/blog/distill/;0.000101
1374;https://openai.com/blog/tags/research/blog/vpt/;0.000101
1375;https://openai.com/blog/api/;0.000101
1376;https://openai.com/alignment/careers/;0.000101
1377;https://openai.com/newsroom/blog/multimodal-neurons/;0.000101
1378;https://openai.com/privacy/blog/summarizing-books/;0.000101
1379;https://github.com/openai/openai/kubernetes;0.000101
1380;https://github.com/openai/openai/gym/network/members;0.000101
1381;https://openai.com/blog/tags/announcements/blog/openai-licenses-gpt-3-technology-to-microsoft/;0.000101
1382;https://openai.com/alignment/api/docs/;0.000101
1383;https://twitter.com/tos;0.000101
1384;https://github.com/openai/openai/multi-agent-emergence-environments/pulls;0.000101
1385;https://openai.com/publications/blog/emergent-tool-use;0.000101
1386;https://openai.com/blog/blog/dall-e-2-update/;0.000101
1387;https://openai.com/api/policies/api/policies/privacy/;0.000101
1388;https://openai.com/blog/summarizing-books/blog/openai-codex/;0.000101
1389;https://openai.com/blog/instruction-following/about/;0.000101
1390;https://soundcloud.com/openai_audio/openai_audio/pop-in-the-style-of-the-beatles-openai-jukebox;0.000101
1391;https://openai.com/blog/tags/events/publications/;0.000101
1392;https://openai.com/blog/tags/research/blog/first-retro-contest-retrospective/;0.000101
1393;https://openai.com/terms/about/;0.000101
1394;https://openai.com/blog/blog/spam-detection-in-the-physical-world/;0.000101
1395;https://openai.com/blog/tags/research/blog/dall-e-2/;0.000101
1396;https://openai.com/blog/blog/openai-scholars-2020-final-projects/;0.000101
1397;https://player.vimeo.com/video/692375454;0.000101
1398;https://beta.openai.com/docs/guides/images;0.000101
1399;https://openai.com/blog/blog/learning-to-communicate/;0.000101
1400;https://openai.com/publications/blog/spam-detection-in-the-physical-world;0.000101
1401;https://beta.openai.com/docs/;0.000101
1402;https://openai.com/newsroom/api/examples/;0.000101
1403;https://openai.com/privacy/dall-e-2/;0.000101
1404;https://openai.com/api/policies/api/policies/privacy;0.000101
1405;https://openai.com/blog/tags/announcements/api/login/;0.000101
1406;https://openai.com/blog/tags/announcements/blog/fund/;0.000101
1407;https://openai.com/research/blog/;0.000101
1408;https://openai.com/blog/our-approach-to-alignment-research/dall-e-2/;0.000101
1409;https://openai.com/api/blog/tags/events/;0.000101
1410;https://openai.com/blog/blog/dall-e-introducing-outpainting/;0.000101
1411;https://openai.com/blog/our-approach-to-alignment-research/charter/;0.000101
1412;https://openai.com/blog/tags/announcements/blog/summarizing-books/;0.000101
1413;https://openai.com/blog/blog/triton/;0.000101
1414;https://arxiv.org/abs/1710.06542;0.000101
1415;https://openai.com/blog/blog/scaling-kubernetes-to-7500-nodes/;0.000101
1416;https://openai.com/blog/tags/research/blog/openai-gym-beta/;0.000101
1417;https://openai.com/blog/summarizing-books/blog/tags/announcements/;0.000101
1418;https://openai.com/blog/blog/spinning-up-in-deep-rl-workshop-review/;0.000101
1419;https://openai.com/blog/tags/events/blog/the-international-2018-results/;0.000101
1420;https://openai.com/blog/tags/research/api/login/;0.000101
1421;https://openai.com/blog/blog/competitive-self-play/;0.000101
1422;https://arxiv.org/abs/2107.03374;0.000101
1423;https://openai.com/alignment/blog/amplifying-ai-training/;0.000101
1424;https://openai.com/publications/blog/solving-rubiks-cube;0.000101
1425;https://openai.com/about/terms/;0.000101
1426;https://github.com/openai/solutions/ci-cd/;0.000101
1427;https://arxiv.org/abs/1912.01588;0.000101
1428;https://openai.com/newsroom/blog/tags/multimodal/;0.000101
1429;https://openai.com/blog/our-approach-to-alignment-research/blog/;0.000101
1430;https://openai.com/blog/instruction-following/api/examples/;0.000101
1431;https://arxiv.org/abs/2005.00341;0.000101
1432;https://openai.com/blog/blog/improving-verifiability/;0.000101
1433;https://openai.com/blog/openai-codex/about/;0.000101
1434;https://openai.com/blog/instruction-following/blog/tags/milestones/;0.000101
1435;https://openai.com/publications/blog/clip;0.000101
1436;https://openai.com/terms/research/;0.000101
1437;https://openai.com/privacy;0.000101
1438;https://openai.com/blog/careers/;0.000101
1439;https://openai.com/api/blog/tags/api/;0.000101
1440;https://github.com/security;0.000101
1441;https://openai.com/api/blog/codex-apps/;0.000101
1442;https://docs.github.com/organizations/managing-organization-settings/verifying-or-approving-a-domain-for-your-organization;0.000101
1443;https://arxiv.org/abs/1606.03498;0.000101
1444;https://policies.google.com/terms;0.000101
1445;https://openai.com/blog/tags/research/blog/evolved-policy-gradients/;0.000101
1446;https://openai.com/api/api/;0.000101
1447;https://openai.com/alignment/blog/improving-language-model-behavior/;0.000101
1448;https://openai.com/blog/instruction-following/blog/tags/events/;0.000101
1449;https://openai.com/blog/dall-e-introducing-outpainting/api/docs/;0.000101
1450;https://openai.com/publications/blog/fine-tuning-gpt-2;0.000101
1451;https://openai.com/blog/blog/multimodal-neurons/;0.000101
1452;https://openai.com/careers/privacy/;0.000101
1453;https://arxiv.org/abs/1606.04934;0.000101
1454;https://openai.com/privacy/mailto:support@openai.com;0.000101
1455;https://openai.com/careers/blog/summarizing-books/;0.000101
1456;https://openai.com/dall-e-2/privacy/;0.000101
1457;https://beta.openai.com/examples?category=code;0.000101
1458;https://openai.com/blog/tags/announcements/blog/dall-e-now-available-in-beta/;0.000101
1459;https://twitter.com/intent/tweet?text=Talking+to+Your+Computer+with+%23OpenAICodex%3A&&url=openai.com%2Fblog%2Fopenai-codex%2F%23talkingtoyourcomputer&via=OpenAI;0.000101
1460;https://openai.com/terms/blog/tags/milestones/;0.000101
1461;https://openai.com/blog/privacy/;0.000101
1462;https://openai.com/blog/summarizing-books/fund/;0.000101
1463;https://arxiv.org/abs/1803.01118;0.000101
1464;https://openai.com/charter/newsroom/;0.000101
1465;https://arxiv.org/abs/1807.03039;0.000101
1466;https://openai.com/blog/instruction-following/blog/summarizing-books/;0.000101
1467;https://openai.com/blog/tags/milestones/blog/openai-codex/;0.000101
1468;https://openai.com/api/blog/openai-codex/;0.000101
1469;https://openai.com/blog/tags/announcements/blog/openai-supporters/;0.000101
1470;https://blog.openai.com/infrastructure-for-deep-learning/;0.000101
1471;https://docs.github.com/en/github/site-policy/github-privacy-statement;0.000101
1472;https://openai.com/about/api/pricing/;0.000101
1473;https://www.gutenberg.org/ebooks/45631;0.000101
1474;https://openai.com/blog/tags/announcements/blog/api-no-waitlist/;0.000101
1475;https://openai.com/blog/blog/improving-language-model-behavior/;0.000101
1476;https://status.openai.com/incidents/sdnrfjf2yytz;0.000101
1477;https://openai.com/blog/tags/research/blog/concrete-ai-safety-problems/;0.000101
1478;https://github.com/openai/features/copilot;0.000101
1479;https://github.com/pricing;0.000101
1480;https://openai.com/blog/tags/research/blog/musenet/;0.000101
1481;https://openai.com/terms/api/;0.000101
